"ano";"conjunto";"campanha";"gasto";"publico";"tipo";"escola"
"2023";"02 - [Feed] Envolvimento IG | 07D";"[LE-GH] CARRINHO ABERTO - CONVERSÃO - OP.ESPCEX.SET.24";"961,26";"Quente (PQ)";"Vendas / perpétuo";"EsPCEx"
"2023";"04 - [Stories/Reels] Checkout EsPCEx | 180D";"[LE-GH] CARRINHO ABERTO - CONVERSÃO - OP.ESPCEX.SET.24";"81,4";"Quente (PQ)";"Vendas / perpétuo";"EsPCEx"
"2023";"01 - [Stories/Reels] Captura - OP. + ULT. EsPCEx";"[LE-GH] CARRINHO ABERTO - CONVERSÃO - OP.ESPCEX.SET.24";"104,2";"Sem classificação";"Vendas / perpétuo";"EsPCEx"
"2023";"03 - [Stories/Reels] PageView Site + PGV - EsPCEx | 180D";"[LE-GH] CARRINHO ABERTO - CONVERSÃO - OP.ESPCEX.SET.24";"200,38";"Quente (PQ)";"Vendas / perpétuo";"EsPCEx"
"2023";"02 - [Stories/Reels] Envolvimento IG | 07D";"[LE-GH] CARRINHO ABERTO - CONVERSÃO - OP.ESPCEX.SET.24";"1475,86";"Quente (PQ)";"Vendas / perpétuo";"EsPCEx"
"2023";"02 - [Feed] Envolvimento IG | 07D";"[LE-GH] CAPTAÇÃO - LEAD - OP.ESPCEX.SET.24 - PQ";"472,87";"Quente (PQ)";"Captação (leads)";"EsPCEx"
"2023";"04 - [Stories/Reels] Envolvimento IG | 30D";"[LE-GH] CAPTAÇÃO - LEAD - OP.ESPCEX.SET.24 - PQ";"223,59";"Quente (PQ)";"Captação (leads)";"EsPCEx"
"2023";"02 - [Stories/Reels] Envolvimento IG | 07D";"[LE-GH] CAPTAÇÃO - LEAD - OP.ESPCEX.SET.24 - PQ";"630,4";"Quente (PQ)";"Captação (leads)";"EsPCEx"
"2023";"02 - [Feed] LL (BR, 1%) [PDV] PageView - EsPCEx | 180D";"[LE-GH] CAPTAÇÃO - LEAD - ULT.EsPCEx.23 - PF";"83,53";"Frio (PF)";"Captação (leads)";"EsPCEx"
"2023";"03 - [Feed] LL (BR, 1%) [Site] Compra - EsPCEx | 180D";"[LE-GH] CAPTAÇÃO - LEAD - ULT.EsPCEx.23 - PF";"517,18";"Frio (PF)";"Captação (leads)";"EsPCEx"
"2023";"01 - [Feed] LL (BR, 1%) [Site] PageView - EsPCEx | 180D";"[LE-GH] CAPTAÇÃO - LEAD - ULT.EsPCEx.23 - PF";"80,71";"Frio (PF)";"Captação (leads)";"EsPCEx"
"2023";"02 - [Stories/Reels] LL (BR, 1%) [PDV] PageView - EsPCEx | 180D";"[LE-GH] CAPTAÇÃO - LEAD - ULT.EsPCEx.23 - PF";"170,53";"Frio (PF)";"Captação (leads)";"EsPCEx"
"2023";"00 - [Stories/Reels] LL (BR, 1%) [Site] Checkout - EsPCEx | 180D";"[LE-GH] CAPTAÇÃO - LEAD - ULT.EsPCEx.23 - PF";"171,89";"Frio (PF)";"Captação (leads)";"EsPCEx"
"2023";"01 - [Stories/Reels] LL (BR, 1%) - [Site] PageView - EsPCEx | 180D";"[LE-GH] CAPTAÇÃO - LEAD - ULT.EsPCEx.23 - PF";"353,31";"Frio (PF)";"Captação (leads)";"EsPCEx"
"2023";"06 - [Stories/Reels] [PDV] PageView EsPCEx | 90D";"[LE-GH] CAPTAÇÃO - LEAD - ULT.EsPCEx.23 - PQ";"0,94";"Quente (PQ)";"Captação (leads)";"EsPCEx"
"2023";"06 - [Feed] [PDV] PageView EsPCEx | 90D";"[LE-GH] CAPTAÇÃO - LEAD - ULT.EsPCEx.23 - PQ";"0,18";"Quente (PQ)";"Captação (leads)";"EsPCEx"
"2023";"05 - [Stories/Reels] Checkout EsPCEx | 90D";"[LE-GH] CAPTAÇÃO - LEAD - ULT.EsPCEx.23 - PQ";"0,69";"Quente (PQ)";"Captação (leads)";"EsPCEx"
"2023";"05 - [Feed] Checkout EsPCEx | 90D";"[LE-GH] CAPTAÇÃO - LEAD - ULT.EsPCEx.23 - PQ";"1,66";"Quente (PQ)";"Captação (leads)";"EsPCEx"
"2023";"04 - [Stories/Reels] Leads Active Campaing";"[LE-GH] CAPTAÇÃO - LEAD - ULT.EsPCEx.23 - PQ";"279,03";"Quente (PQ)";"Captação (leads)";"EsPCEx"
"2023";"01 - [Feed] Envolvimento IG | 07D";"[LE-GH] CAPTAÇÃO - LEAD - ULT.EsPCEx.23 - PQ";"211,42";"Quente (PQ)";"Captação (leads)";"EsPCEx"
"2023";"02 - [Feed] Envolvimento IG | 14D";"[LE-GH] CAPTAÇÃO - LEAD - ULT.EsPCEx.23 - PQ";"107,99";"Quente (PQ)";"Captação (leads)";"EsPCEx"
"2023";"01 - [Stories/Reels] Envolvimento IG | 07D";"[LE-GH] CAPTAÇÃO - LEAD - ULT.EsPCEx.23 - PQ";"250,73";"Quente (PQ)";"Captação (leads)";"EsPCEx"
"2023";"00 - [Feed] [Site] PageView EsPCEx | 90D";"[LE-GH] CAPTAÇÃO - LEAD - ULT.EsPCEx.23 - PQ";"58,46";"Quente (PQ)";"Captação (leads)";"EsPCEx"
"2023";"00 - [Stories/Reels] [Site] PageView EsPCEx | 90D";"[LE-GH] CAPTAÇÃO - LEAD - ULT.EsPCEx.23 - PQ";"74,94";"Quente (PQ)";"Captação (leads)";"EsPCEx"
"2023";"03 - [Stories/Reels] Envolvimento IG | 30D";"[LE-GH] CAPTAÇÃO - LEAD - ULT.EsPCEx.23 - PQ";"124,39";"Quente (PQ)";"Captação (leads)";"EsPCEx"
"2023";"02 - [Stories/Reels] Envolvimento IG | 14D";"[LE-GH] CAPTAÇÃO - LEAD - ULT.EsPCEx.23 - PQ";"123,8";"Quente (PQ)";"Captação (leads)";"EsPCEx"
"2023";"03 -  [Feed] Envolvimento IG | 30D";"[LE-GH] CAPTAÇÃO - LEAD - ULT.EsPCEx.23 - PQ";"118,76";"Quente (PQ)";"Captação (leads)";"EsPCEx"
"2023";"04 -  [Feed] Leads Active Campaing";"[LE-GH] CAPTAÇÃO - LEAD - ULT.EsPCEx.23 - PQ";"240,51";"Quente (PQ)";"Captação (leads)";"EsPCEx"
"2023";"02 - [Feed] Envolvimento IG | 14D";"[LE-GH] CAPTAÇÃO - LEAD - ULTIMATO.APMBB.23 - PQ";"16,7";"Quente (PQ)";"Captação (leads)";"Barro Branco"
"2023";"03 - [Feed] Site Home | 180D";"[LE-GH] VENDA - CONVERSÃO - NATAL.23";"3,07";"Sem classificação";"Vendas / perpétuo";"Outros / matérias"
"2023";"01 - [Feed] Envolvimento IG | 14D";"[LE-GH] VENDA - CONVERSÃO - NATAL.23";"6,77";"Quente (PQ)";"Vendas / perpétuo";"Outros / matérias"
"2023";"02 - [Feed] Envolvimento IG | 30D";"[LE-GH] VENDA - CONVERSÃO - NATAL.23";"330";"Quente (PQ)";"Vendas / perpétuo";"Outros / matérias"
"2023";"03 - [Stories/Reels] Site Home | 180D";"[LE-GH] VENDA - CONVERSÃO - NATAL.23";"1,93";"Sem classificação";"Vendas / perpétuo";"Outros / matérias"
"2023";"02 - [Feed] Envolvimento IG | 30D";"[LE-GH] VENDA - CONVERSÃO - NATAL.23";"281,01";"Quente (PQ)";"Vendas / perpétuo";"Outros / matérias"
"2023";"04 - [Feed] Leads Active";"[LE-GH] VENDA - CONVERSÃO - NATAL.23";"2,82";"Quente (PQ)";"Vendas / perpétuo";"Outros / matérias"
"2023";"04 - [Stories/Reels] Leads Active";"[LE-GH] VENDA - CONVERSÃO - NATAL.23";"4,57";"Quente (PQ)";"Vendas / perpétuo";"Outros / matérias"
"2023";"01 - [Feed] Envolvimento IG | 14D";"[LE-GH] VENDA - CONVERSÃO - NATAL.23";"16,2";"Quente (PQ)";"Vendas / perpétuo";"Outros / matérias"
"2023";"00 - [Stories/Reels] Envolvimento IG | 07D";"[LE-GH] VENDA - CONVERSÃO - NATAL.23";"20,04";"Quente (PQ)";"Vendas / perpétuo";"Outros / matérias"
"2023";"04 - [Feed] PF - INTERESSE";"[LE-GH] CAPTAÇÃO - LEAD - DMB2024 - PF";"263,6";"Frio (PF)";"Captação (leads)";"Outros / matérias"
"2023";"04 - [Stories] PF - INTERESSE";"[LE-GH] CAPTAÇÃO - LEAD - DMB2024 - PF";"497,94";"Frio (PF)";"Captação (leads)";"Outros / matérias"
"2023";"03 - [Stories/Reels] Lista lead Active | 90D";"[LE-GH] CAPTAÇÃO - LEAD - DMB2024 - PF";"264,78";"Quente (PQ)";"Captação (leads)";"Outros / matérias"
"2023";"02 -  [Stories/Reels] LL (BR, 1%) [Site] PageView - Home | 90D";"[LE-GH] CAPTAÇÃO - LEAD - DMB2024 - PF";"30,6";"Frio (PF)";"Captação (leads)";"Outros / matérias"
"2023";"02 - [Feed] LL (BR, 1%) [Site] PageView - Home | 90D";"[LE-GH] CAPTAÇÃO - LEAD - DMB2024 - PF";"18,14";"Frio (PF)";"Captação (leads)";"Outros / matérias"
"2023";"00 - [Stories/Reels] LL (BR, 1%) Lista alunos | 90D";"[LE-GH] CAPTAÇÃO - LEAD - DMB2024 - PF";"128,8";"Frio (PF)";"Captação (leads)";"Outros / matérias"
"2023";"00 - [Feed] LL (BR, 1%) Lista alunos | 90D";"[LE-GH] CAPTAÇÃO - LEAD - DMB2024 - PF";"16,67";"Frio (PF)";"Captação (leads)";"Outros / matérias"
"2023";"01 - [Stories/Reels] LL (BR, 1%) [Site] Compra | 180D";"[LE-GH] CAPTAÇÃO - LEAD - DMB2024 - PF";"249,67";"Frio (PF)";"Captação (leads)";"Outros / matérias"
"2023";"01 - [Feed] LL (BR, 1%) [Site] Compra | 180D";"[LE-GH] CAPTAÇÃO - LEAD - DMB2024 - PF";"13,11";"Frio (PF)";"Captação (leads)";"Outros / matérias"
"2023";"03 - [Feed]  Lista lead Active | 90D";"[LE-GH] CAPTAÇÃO - LEAD - DMB2024 - PF";"108,72";"Quente (PQ)";"Captação (leads)";"Outros / matérias"
"2023";"02 - Stories/Reels] Envolvimento IG | 07D";"[LE-GH] CAPTAÇÃO - LEAD - DMB2024 - PQ";"312,3";"Quente (PQ)";"Captação (leads)";"Outros / matérias"
"2023";"01 - [Stories/Reels [Site] PageView Site | 90D";"[LE-GH] CAPTAÇÃO - LEAD - DMB2024 - PQ";"2,33";"Quente (PQ)";"Captação (leads)";"Outros / matérias"
"2023";"00 - [Feed] Lista Active";"[LE-GH] CAPTAÇÃO - LEAD - DMB2024 - PQ";"2,8";"Quente (PQ)";"Captação (leads)";"Outros / matérias"
"2023";"02 - [Feed] Envolvimento IG | 07D";"[LE-GH] CAPTAÇÃO - LEAD - DMB2024 - PQ";"226,92";"Quente (PQ)";"Captação (leads)";"Outros / matérias"
"2023";"04 - [Stories/Reels] Envolvimento IG | 30D";"[LE-GH] CAPTAÇÃO - LEAD - DMB2024 - PQ";"47,71";"Quente (PQ)";"Captação (leads)";"Outros / matérias"
"2023";"03 - [Stories/Reels] Envolvimento IG | 14D";"[LE-GH] CAPTAÇÃO - LEAD - DMB2024 - PQ";"88,27";"Quente (PQ)";"Captação (leads)";"Outros / matérias"
"2023";"05 - [Feed] Checkout | 90D";"[LE-GH] CAPTAÇÃO - LEAD - DMB2024 - PQ";"0,49";"Quente (PQ)";"Captação (leads)";"Outros / matérias"
"2023";"11 - Leads OP. EsPCEx24 | Visitantes LP";"[LE-GH] PP - ESPCEX - CONVERSÃO  - PQ - CBO";"258,76";"Quente (PQ)";"Vendas / perpétuo";"EsPCEx"
"2023";"05 - [Feed] Checkout Geral | 90D";"[LE-GH] CARRINHO ABERTO - CONVERSÃO - BLACKTM.24";"21,89";"Quente (PQ)";"Vendas / perpétuo";"Outros / matérias"
"2023";"05 - [Stories/Reels] Checkout Geral | 90D";"[LE-GH] CARRINHO ABERTO - CONVERSÃO - BLACKTM.24";"25,67";"Quente (PQ)";"Vendas / perpétuo";"Outros / matérias"
"2023";"04 - [Feed] Site_Home | 180D";"[LE-GH] CARRINHO ABERTO - CONVERSÃO - BLACKTM.24";"30,85";"Sem classificação";"Vendas / perpétuo";"Outros / matérias"
"2023";"04 - [Stories/Reels] Site_Home | 180D";"[LE-GH] CARRINHO ABERTO - CONVERSÃO - BLACKTM.24";"52,38";"Sem classificação";"Vendas / perpétuo";"Outros / matérias"
"2023";"02 - [Feed] Envolvimento IG | 30D";"[LE-GH] CARRINHO ABERTO - CONVERSÃO - BLACKTM.24";"48,94";"Quente (PQ)";"Vendas / perpétuo";"Outros / matérias"
"2023";"02 - [Stories/Reels] Envolvimento IG | 30D";"[LE-GH] CARRINHO ABERTO - CONVERSÃO - BLACKTM.24";"79,64";"Quente (PQ)";"Vendas / perpétuo";"Outros / matérias"
"2023";"00 - [Feed] PageView HOME - BLACKTM.23";"[LE-GH] CARRINHO ABERTO - CONVERSÃO - BLACKTM.24";"27,88";"Quente (PQ)";"Vendas / perpétuo";"Outros / matérias"
"2023";"00 - [Stories/Reels] PageView HOME - BLACKTM.23";"[LE-GH] CARRINHO ABERTO - CONVERSÃO - BLACKTM.24";"36,53";"Quente (PQ)";"Vendas / perpétuo";"Outros / matérias"
"2023";"01 - [Stories/Reels] Envolvimento IG | 07D";"[LE-GH] CARRINHO ABERTO - CONVERSÃO - BLACKTM.24";"137,98";"Quente (PQ)";"Vendas / perpétuo";"Outros / matérias"
"2023";"01 - [Feed] Envolvimento IG | 07D";"[LE-GH] CARRINHO ABERTO - CONVERSÃO - BLACKTM.24";"107,56";"Quente (PQ)";"Vendas / perpétuo";"Outros / matérias"
"2023";"Black TM até 50% OFF - |V| Leads Active - Novembro.23";"[LE-GH] LEMBRETE - TRÁFEGO - BLACKTM.24";"735,21";"Quente (PQ)";"Outros";"Outros / matérias"
"2023";"Black TM até 50% OFF - |V| [Site] PageView - Geral | 180D";"[LE-GH] LEMBRETE - TRÁFEGO - BLACKTM.24";"734,19";"Quente (PQ)";"Outros";"Outros / matérias"
"2023";"Black TM até 50% OFF - |V| Envolvimento IG | 180D";"[LE-GH] LEMBRETE - TRÁFEGO - BLACKTM.24";"754,62";"Quente (PQ)";"Outros";"Outros / matérias"
"2023";"FALTAM 02 - |V| Active, Site e IG | 180D";"[LE-GH] LEMBRETE - TRÁFEGO - BLACKTM.24";"110";"Sem classificação";"Outros";"Outros / matérias"
"2023";"FALTAM 03 - |V| Active, Site e IG | 180D";"[LE-GH] LEMBRETE - TRÁFEGO - BLACKTM.24";"110";"Sem classificação";"Outros";"Outros / matérias"
"2023";"FALTAM 04 - |V| Active, Site e IG | 180D";"[LE-GH] LEMBRETE - TRÁFEGO - BLACKTM.24";"110";"Sem classificação";"Outros";"Outros / matérias"
"2023";"É HOJE  - |V| Active, Site e IG | 180D";"[LE-GH] LEMBRETE - TRÁFEGO - BLACKTM.24";"300";"Sem classificação";"Outros";"Outros / matérias"
"2023";"É AMANHÃ - |V| Active, Site e IG | 180D";"[LE-GH] LEMBRETE - TRÁFEGO - BLACKTM.24";"350";"Sem classificação";"Outros";"Outros / matérias"
"2023";"FALTAM 05 - |V| Active, Site e IG | 180D";"[LE-GH] LEMBRETE - TRÁFEGO - BLACKTM.24";"110";"Sem classificação";"Outros";"Outros / matérias"
"2023";"SEMANA DO EVENTO";"[LE-GH] LEMBRETE - ALCANCE - OP.ESPCEX.SET.24";"49,65";"Sem classificação";"Engajamento / conteúdo";"EsPCEx"
"2023";"Faltam 04 - |V|Leads";"[LE-GH] AQUECIMENTO/LEMBRETE - TRÁFEGO - OP.ESPCEX.SET.24";"100";"Sem classificação";"Outros";"EsPCEx"
"2023";"Faltam 05 - |V|Leads";"[LE-GH] AQUECIMENTO/LEMBRETE - TRÁFEGO - OP.ESPCEX.SET.24";"30";"Sem classificação";"Outros";"EsPCEx"
"2023";"Faltam 06 - |V|Leads";"[LE-GH] AQUECIMENTO/LEMBRETE - TRÁFEGO - OP.ESPCEX.SET.24";"30";"Sem classificação";"Outros";"EsPCEx"
"2023";"AdV #001 - Começa semana que vem";"[LE-GH] AQUECIMENTO/LEMBRETE - TRÁFEGO - OP.ESPCEX.SET.24";"99,56";"Sem classificação";"Outros";"EsPCEx"
"2023";"Faltam 07 - |V|Leads";"[LE-GH] AQUECIMENTO/LEMBRETE - TRÁFEGO - OP.ESPCEX.SET.24";"22,02";"Sem classificação";"Outros";"EsPCEx"
"2023";"Faltam 08 - |V|Leads";"[LE-GH] AQUECIMENTO/LEMBRETE - TRÁFEGO - OP.ESPCEX.SET.24";"20";"Sem classificação";"Outros";"EsPCEx"
"2023";"Faltam 09 - |V|Leads";"[LE-GH] AQUECIMENTO/LEMBRETE - TRÁFEGO - OP.ESPCEX.SET.24";"20";"Sem classificação";"Outros";"EsPCEx"
"2023";"Faltam 10 - |V|Leads";"[LE-GH] AQUECIMENTO/LEMBRETE - TRÁFEGO - OP.ESPCEX.SET.24";"19,95";"Sem classificação";"Outros";"EsPCEx"
"2023";"03 - [Stories/Reels] INTERESSE - PF";"[LE-GH] CAPTAÇÃO - LEAD - OP.ESPCEX.SET.24 - PF - V2";"150,06";"Frio (PF)";"Captação (leads)";"EsPCEx"
"2023";"03 - [Feed] INTERESSE - PF";"[LE-GH] CAPTAÇÃO - LEAD - OP.ESPCEX.SET.24 - PF - V2";"963,28";"Frio (PF)";"Captação (leads)";"EsPCEx"
"2023";"01 - [Stories/Reels]LL (BR, 1%) LISTA DE ALUNOS TM FULL ESPCEX";"[LE-GH] CAPTAÇÃO - LEAD - OP.ESPCEX.SET.24 - PF - V2";"157,67";"Frio (PF)";"Captação (leads)";"EsPCEx"
"2023";"00 - [Feed] LL (BR, 1%) [Site] Compra - Full EsPCEx | 180D";"[LE-GH] CAPTAÇÃO - LEAD - OP.ESPCEX.SET.24 - PF - V2";"66,45";"Frio (PF)";"Captação (leads)";"EsPCEx"
"2023";"02 - [Feed]LL (BR, 1%) - Leads Active - ULT.ESPCEX _ Set.23";"[LE-GH] CAPTAÇÃO - LEAD - OP.ESPCEX.SET.24 - PF - V2";"79,73";"Frio (PF)";"Captação (leads)";"EsPCEx"
"2023";"02 -  [Stories/Reels]LL (BR, 1%) - Leads Active - ULT.ESPCEX _ Set.23";"[LE-GH] CAPTAÇÃO - LEAD - OP.ESPCEX.SET.24 - PF - V2";"1789,07";"Frio (PF)";"Captação (leads)";"EsPCEx"
"2023";"00 - [Stories/Reels] LL (BR, 1%) [Site] Compra - Full EsPCEx | 180D";"[LE-GH] CAPTAÇÃO - LEAD - OP.ESPCEX.SET.24 - PF - V2";"133,8";"Frio (PF)";"Captação (leads)";"EsPCEx"
"2023";"01 - [Feed] LL (BR, 1%) LISTA DE ALUNOS TM FULL ESPCEX";"[LE-GH] CAPTAÇÃO - LEAD - OP.ESPCEX.SET.24 - PF - V2";"182,64";"Frio (PF)";"Captação (leads)";"EsPCEx"
"2023";"01 - [Stories/Reels [Site] PageView EsPCEx + PDV + PageView Ultimato EsPCEx | 90D";"[LE-GH] CAPTAÇÃO - LEAD - OP.ESPCEX.SET.24 - PQ - V2";"0,98";"Quente (PQ)";"Captação (leads)";"EsPCEx"
"2023";"04 - [Stories/Reels] Envolvimento IG | 30D";"[LE-GH] CAPTAÇÃO - LEAD - OP.ESPCEX.SET.24 - PQ - V2";"37,66";"Quente (PQ)";"Captação (leads)";"EsPCEx"
"2023";"04 -  [Feed] Envolvimento IG | 30D";"[LE-GH] CAPTAÇÃO - LEAD - OP.ESPCEX.SET.24 - PQ - V2";"30,08";"Quente (PQ)";"Captação (leads)";"EsPCEx"
"2023";"02 - [Stories/Reels] Envolvimento IG | 07D";"[LE-GH] CAPTAÇÃO - LEAD - OP.ESPCEX.SET.24 - PQ - V2";"80,62";"Quente (PQ)";"Captação (leads)";"EsPCEx"
"2023";"02 - [Feed] Envolvimento IG | 07D";"[LE-GH] CAPTAÇÃO - LEAD - OP.ESPCEX.SET.24 - PQ - V2";"68,71";"Quente (PQ)";"Captação (leads)";"EsPCEx"
"2023";"00 - [Feed] [LISTA ULTIMATO ESPCEX23]";"[LE-GH] CAPTAÇÃO - LEAD - OP.ESPCEX.SET.24 - PQ - V2";"1,29";"Quente (PQ)";"Captação (leads)";"EsPCEx"
"2023";"00 - [Stories/Reels] [LISTA ULTIMATO ESPCEX23]";"[LE-GH] CAPTAÇÃO - LEAD - OP.ESPCEX.SET.24 - PQ - V2";"1,99";"Quente (PQ)";"Captação (leads)";"EsPCEx"
"2023";"AdV #002 - Programação evento";"[LE-GH] AQUECIMENTO/LEMBRETE - TRÁFEGO - OP.ESPCEX.SET.24";"293,76";"Sem classificação";"Outros";"EsPCEx"
"2023";"Aula 03 - |V|Leads [GH-REVISADO]";"[LE-GH] AQUECIMENTO/LEMBRETE - TRÁFEGO - OP.ESPCEX.SET.24";"100";"Sem classificação";"Outros";"EsPCEx"
"2023";"Aula 02 - |V|Leads] [GH-REVISADO]";"[LE-GH] AQUECIMENTO/LEMBRETE - TRÁFEGO - OP.ESPCEX.SET.24";"100";"Sem classificação";"Outros";"EsPCEx"
"2023";"É Hoje - |V|Leads";"[LE-GH] AQUECIMENTO/LEMBRETE - TRÁFEGO - OP.ESPCEX.SET.24";"378,79";"Sem classificação";"Outros";"EsPCEx"
"2023";"É Amanhã - |V|Leads";"[LE-GH] AQUECIMENTO/LEMBRETE - TRÁFEGO - OP.ESPCEX.SET.24";"236";"Sem classificação";"Outros";"EsPCEx"
"2023";"Faltam 02 - |V|Leads";"[LE-GH] AQUECIMENTO/LEMBRETE - TRÁFEGO - OP.ESPCEX.SET.24";"100";"Sem classificação";"Outros";"EsPCEx"
"2023";"Faltam 03 - |V|Leads";"[LE-GH] AQUECIMENTO/LEMBRETE - TRÁFEGO - OP.ESPCEX.SET.24";"100";"Sem classificação";"Outros";"EsPCEx"
"2023";"Aula 04 - |V|Leads [GH-REVISADO]";"[LE-GH] AQUECIMENTO/LEMBRETE - TRÁFEGO - OP.ESPCEX.SET.24";"291,22";"Sem classificação";"Outros";"EsPCEx"
"2023";"Faltam 02 - |V|Leads";"[LE-GH] LEMBRETE - TRÁFEGO - ULT.ESA.23";"50";"Sem classificação";"Outros";"ESA"
"2023";"É Amanhã - |V|Leads";"[LE-GH] LEMBRETE - TRÁFEGO - ULT.ESA.23";"80";"Sem classificação";"Outros";"ESA"
"2023";"Aula 03 - |V|Leads";"[LE-GH] LEMBRETE - TRÁFEGO - ULT.ESA.23";"50";"Sem classificação";"Outros";"ESA"
"2023";"Aula 02 - |V|Leads";"[LE-GH] LEMBRETE - TRÁFEGO - ULT.ESA.23";"50";"Sem classificação";"Outros";"ESA"
"2023";"É Hoje - |V|Leads";"[LE-GH] LEMBRETE - TRÁFEGO - ULT.ESA.23";"100";"Sem classificação";"Outros";"ESA"
"2023";"Faltam 03 - |V|Leads";"[LE-GH] LEMBRETE - TRÁFEGO - ULT.ESA.23";"40";"Sem classificação";"Outros";"ESA"
"2023";"Aula 04 - |V|Leads";"[LE-GH] LEMBRETE - TRÁFEGO - ULT.ESA.23";"70";"Sem classificação";"Outros";"ESA"
"2023";"05 - [Stories/Reels] LL (BR, 1%) LISTA DE ALUNOS TM FULL ESPCEX";"[LE-GH] CAPTAÇÃO - LEAD - OP.ESPCEX.SET.24 - PF";"474,67";"Frio (PF)";"Captação (leads)";"EsPCEx"
"2023";"05 - [Feed] LL (BR, 1%) LISTA DE ALUNOS TM FULL ESPCEX";"[LE-GH] CAPTAÇÃO - LEAD - OP.ESPCEX.SET.24 - PF";"27,24";"Frio (PF)";"Captação (leads)";"EsPCEx"
"2023";"00 - [Stories/Reels] LL (BR, 1%) [Site] Compra - EsPCEx | 180D";"[LE-GH] CAPTAÇÃO - LEAD - OP.ESPCEX.SET.24 - PF";"691,88";"Frio (PF)";"Captação (leads)";"EsPCEx"
"2023";"02 - [Feed] LL (BR, 1%) LL[LISTA LEAD ULTIMATO ESPCEX] + VISTANTE PÁGINA ULTIMATO EsPCEx | 60D";"[LE-GH] CAPTAÇÃO - LEAD - OP.ESPCEX.SET.24 - PF";"238,58";"Frio (PF)";"Captação (leads)";"EsPCEx"
"2023";"01 - [Feed] LL (BR, 1%) [Site] + [PDV] PageView - EsPCEx | 90D";"[LE-GH] CAPTAÇÃO - LEAD - OP.ESPCEX.SET.24 - PF";"24,58";"Frio (PF)";"Captação (leads)";"EsPCEx"
"2023";"03 - [Stories/Reels] LL (BR, 1%) VV 95% - Combo Vídeos Descoberta | 90D";"[LE-GH] CAPTAÇÃO - LEAD - OP.ESPCEX.SET.24 - PF";"94,08";"Frio (PF)";"Captação (leads)";"EsPCEx"
"2023";"03 - [Feed] LL (BR, 1%) VV 95% - Combo Vídeos Descoberta | 90D";"[LE-GH] CAPTAÇÃO - LEAD - OP.ESPCEX.SET.24 - PF";"372,75";"Frio (PF)";"Captação (leads)";"EsPCEx"
"2023";"04 - [Stories/Reels] PF - INTERESSE";"[LE-GH] CAPTAÇÃO - LEAD - OP.ESPCEX.SET.24 - PF";"108,78";"Frio (PF)";"Captação (leads)";"EsPCEx"
"2023";"04 - [Feed] - PF - INTERESSE";"[LE-GH] CAPTAÇÃO - LEAD - OP.ESPCEX.SET.24 - PF";"427,14";"Frio (PF)";"Captação (leads)";"EsPCEx"
"2023";"02 - [Stories/Reels] LL  [LISTA LEAD ULTIMATO ESPCEX] + VISTANTE PÁGINA ULTIMATO EsPCEx | 60D";"[LE-GH] CAPTAÇÃO - LEAD - OP.ESPCEX.SET.24 - PF";"149,66";"Frio (PF)";"Captação (leads)";"EsPCEx"
"2023";"01 - [Stories/Reels] LL (BR, 1%) [Site] + [PDV] PageView - EsPCEx | 90D";"[LE-GH] CAPTAÇÃO - LEAD - OP.ESPCEX.SET.24 - PF";"90,69";"Frio (PF)";"Captação (leads)";"EsPCEx"
"2023";"00 - [Feed] LL (BR, 1%) [Site] Compra - EsPCEx | 180D";"[LE-GH] CAPTAÇÃO - LEAD - OP.ESPCEX.SET.24 - PF";"134,93";"Frio (PF)";"Captação (leads)";"EsPCEx"
"2023";"02 - [Feed] - PF - INTERESSE";"[LE-GH] CAPTAÇÃO - LEAD - ULT.ESA.23 - PF";"86,08";"Frio (PF)";"Captação (leads)";"ESA"
"2023";"01 - [Stories/Reels] LL (BR, 1%) - [Site] PageView - ESA | 180D";"[LE-GH] CAPTAÇÃO - LEAD - ULT.ESA.23 - PF";"0,29";"Frio (PF)";"Captação (leads)";"ESA"
"2023";"00 - [Stories/Reels] LL (BR, 1%) [Site] Checkout - ESA | 180D";"[LE-GH] CAPTAÇÃO - LEAD - ULT.ESA.23 - PF";"166,47";"Frio (PF)";"Captação (leads)";"ESA"
"2023";"01 - [Feed] LL (BR, 1%) [Site] PageView - ESA | 180D";"[LE-GH] CAPTAÇÃO - LEAD - ULT.ESA.23 - PF";"90,57";"Frio (PF)";"Captação (leads)";"ESA"
"2023";"03 - [Stories/Reels] LL (BR, 1%) [Site] Compra - ESA | 180D";"[LE-GH] CAPTAÇÃO - LEAD - ULT.ESA.23 - PF";"113,6";"Frio (PF)";"Captação (leads)";"ESA"
"2023";"02 - [Stories/Reels] PF - INTERESSE";"[LE-GH] CAPTAÇÃO - LEAD - ULT.ESA.23 - PF";"205,27";"Frio (PF)";"Captação (leads)";"ESA"
"2023";"00 - [Feed] LL (BR, 1%) [Site] Checkout - ESA | 180D";"[LE-GH] CAPTAÇÃO - LEAD - ULT.ESA.23 - PF";"77,59";"Frio (PF)";"Captação (leads)";"ESA"
"2023";"04 -  [Feed] Leads Active Campaing";"[LE-GH] CAPTAÇÃO - LEAD - ULT.ESA.23 - PQ";"23,55";"Quente (PQ)";"Captação (leads)";"ESA"
"2023";"03 -  [Feed] Envolvimento IG | 30D";"[LE-GH] CAPTAÇÃO - LEAD - ULT.ESA.23 - PQ";"33,35";"Quente (PQ)";"Captação (leads)";"ESA"
"2023";"02 - [Stories/Reels] Envolvimento IG | 14D";"[LE-GH] CAPTAÇÃO - LEAD - ULT.ESA.23 - PQ";"93,94";"Quente (PQ)";"Captação (leads)";"ESA"
"2023";"00 - [Stories/Reels] [Site] PageView ESA | 180D";"[LE-GH] CAPTAÇÃO - LEAD - ULT.ESA.23 - PQ";"16,46";"Quente (PQ)";"Captação (leads)";"ESA"
"2023";"01 - [Stories/Reels] Envolvimento IG | 07D";"[LE-GH] CAPTAÇÃO - LEAD - ULT.ESA.23 - PQ";"155,16";"Quente (PQ)";"Captação (leads)";"ESA"
"2023";"02 - [Feed] Envolvimento IG | 14D";"[LE-GH] CAPTAÇÃO - LEAD - ULT.ESA.23 - PQ";"39,94";"Quente (PQ)";"Captação (leads)";"ESA"
"2023";"00 - [Feed] [Site] PageView ESA | 180D";"[LE-GH] CAPTAÇÃO - LEAD - ULT.ESA.23 - PQ";"13,48";"Quente (PQ)";"Captação (leads)";"ESA"
"2023";"01 - [Feed] Envolvimento IG | 07D";"[LE-GH] CAPTAÇÃO - LEAD - ULT.ESA.23 - PQ";"82,3";"Quente (PQ)";"Captação (leads)";"ESA"
"2023";"04 - [Stories/Reels] Leads Active Campaing";"[LE-GH] CAPTAÇÃO - LEAD - ULT.ESA.23 - PQ";"76,31";"Quente (PQ)";"Captação (leads)";"ESA"
"2023";"05 - [Feed] Checkout ESA | 180D";"[LE-GH] CAPTAÇÃO - LEAD - ULT.ESA.23 - PQ";"38,08";"Quente (PQ)";"Captação (leads)";"ESA"
"2023";"05 - [Stories/Reels] Checkout ESA | 180D";"[LE-GH] CAPTAÇÃO - LEAD - ULT.ESA.23 - PQ";"102,68";"Quente (PQ)";"Captação (leads)";"ESA"
"2023";"03 - [Stories/Reels] Envolvimento IG | 30D";"[LE-GH] CAPTAÇÃO - LEAD - ULT.ESA.23 - PQ";"44,32";"Quente (PQ)";"Captação (leads)";"ESA"
"2023";"Aula 03 - |V|Leads";"[LE-GH] AQUECIMENTO - TRÁFEGO - ULT.EsPCEx.23";"50";"Sem classificação";"Outros";"EsPCEx"
"2023";"É Amanhã - |V|Leads";"[LE-GH] AQUECIMENTO - TRÁFEGO - ULT.EsPCEx.23";"100";"Sem classificação";"Outros";"EsPCEx"
"2023";"Aula 02 - |V|Leads";"[LE-GH] AQUECIMENTO - TRÁFEGO - ULT.EsPCEx.23";"40";"Sem classificação";"Outros";"EsPCEx"
"2023";"Aula 04 - |V|Leads";"[LE-GH] AQUECIMENTO - TRÁFEGO - ULT.EsPCEx.23";"50";"Sem classificação";"Outros";"EsPCEx"
"2023";"Faltam 03 - |V|Leads";"[LE-GH] AQUECIMENTO - TRÁFEGO - ULT.EsPCEx.23";"40";"Sem classificação";"Outros";"EsPCEx"
"2023";"Faltam 02 - |V|Leads";"[LE-GH] AQUECIMENTO - TRÁFEGO - ULT.EsPCEx.23";"40";"Sem classificação";"Outros";"EsPCEx"
"2023";"É Hoje - |V|Leads";"[LE-GH] AQUECIMENTO - TRÁFEGO - ULT.EsPCEx.23";"120";"Sem classificação";"Outros";"EsPCEx"
"2023";"04 - [Feed] LL (BR, 1%) VV 95% - Combo Vídeos Descoberta | 60D";"[LE-GH] CAPTAÇÃO - LEAD - ULT.EsPCEx.23 - PF";"182,45";"Frio (PF)";"Captação (leads)";"EsPCEx"
"2023";"04 - [Stories/Reels] LL (BR, 1%) VV 95% - Combo Vídeos Descoberta | 60D";"[LE-GH] CAPTAÇÃO - LEAD - ULT.EsPCEx.23 - PF";"850,4";"Frio (PF)";"Captação (leads)";"EsPCEx"
"2023";"03 - [Feed] PageView Site - APMBB 180D";"[LE-GH] CARRINHO ABERTO - CONVERSÃO - OP.APMBB.23";"96,26";"Quente (PQ)";"Vendas / perpétuo";"Barro Branco"
"2023";"04 - [Stories/Reels] Checkout APMBB | 180D";"[LE-GH] CARRINHO ABERTO - CONVERSÃO - OP.APMBB.23";"0,13";"Quente (PQ)";"Vendas / perpétuo";"Barro Branco"
"2023";"01 - [Stories/Reels] Captura - OP.+ULT. APMBB - Agosto.23";"[LE-GH] CARRINHO ABERTO - CONVERSÃO - OP.APMBB.23";"208,17";"Sem classificação";"Vendas / perpétuo";"Barro Branco"
"2023";"02 - [Stories/Reels] Envolvimento IG | 30D";"[LE-GH] CARRINHO ABERTO - CONVERSÃO - OP.APMBB.23";"20,27";"Quente (PQ)";"Vendas / perpétuo";"Barro Branco"
"2023";"02 - [Feed] Envolvimento IG | 30D";"[LE-GH] CARRINHO ABERTO - CONVERSÃO - OP.APMBB.23";"27,89";"Quente (PQ)";"Vendas / perpétuo";"Barro Branco"
"2023";"01 - [Feed] Captura - OP.+ULT. APMBB - Agosto.23";"[LE-GH] CARRINHO ABERTO - CONVERSÃO - OP.APMBB.23";"259,24";"Sem classificação";"Vendas / perpétuo";"Barro Branco"
"2023";"00 - [Feed] Lead - OP.+ULT. APMBB - Agosto.23";"[LE-GH] CARRINHO ABERTO - CONVERSÃO - OP.APMBB.23";"137,77";"Sem classificação";"Vendas / perpétuo";"Barro Branco"
"2023";"03 - [Stories/Reels] PageView Site - APMBB | 180D";"[LE-GH] CARRINHO ABERTO - CONVERSÃO - OP.APMBB.23";"103,51";"Quente (PQ)";"Vendas / perpétuo";"Barro Branco"
"2023";"04 - [Feed] Checkout APMBB | 180D";"[LE-GH] CARRINHO ABERTO - CONVERSÃO - OP.APMBB.23";"0,04";"Quente (PQ)";"Vendas / perpétuo";"Barro Branco"
"2023";"00 - [Stories/Reels] Lead - OP.+ULT. APMBB - Agosto.23";"[LE-GH] CARRINHO ABERTO - CONVERSÃO - OP.APMBB.23";"117,66";"Sem classificação";"Vendas / perpétuo";"Barro Branco"
"2023";"04 -  [Feed] Leads Active Campaing";"[LE-GH] CAPTAÇÃO - LEAD - OP.APMBB.23 - PQ";"17,3";"Quente (PQ)";"Captação (leads)";"Barro Branco"
"2023";"04 - [Stories/Reels] Envolvimento IG | Leads Active Campaing";"[LE-GH] CAPTAÇÃO - LEAD - OP.APMBB.23 - PQ";"24,27";"Quente (PQ)";"Captação (leads)";"Barro Branco"
"2023";"04 - [Stories/Reels] LL (BR, 1%)I nteresses - OP_APMBB23";"[LE-GH] CAPTAÇÃO - LEAD - OP.APMBB.23 - PF";"109,71";"Frio (PF)";"Captação (leads)";"Barro Branco"
"2023";"04 - [Feed] LL (BR, 1%) Interesses - OP_APMBB23";"[LE-GH] CAPTAÇÃO - LEAD - OP.APMBB.23 - PF";"159,91";"Frio (PF)";"Captação (leads)";"Barro Branco"
"2023";"É Hoje - |V|Leads";"[LE-GH] LEMBRETE - TRÁFEGO - OP.APMBB.23";"140";"Sem classificação";"Outros";"Barro Branco"
"2023";"Aula 03 - |V|Leads";"[LE-GH] LEMBRETE - TRÁFEGO - OP.APMBB.23";"59,9";"Sem classificação";"Outros";"Barro Branco"
"2023";"Faltam 02 - |V|Leads";"[LE-GH] LEMBRETE - TRÁFEGO - OP.APMBB.23";"40";"Sem classificação";"Outros";"Barro Branco"
"2023";"Faltam 04 - |V|Leads";"[LE-GH] LEMBRETE - TRÁFEGO - OP.APMBB.23";"40";"Sem classificação";"Outros";"Barro Branco"
"2023";"Faltam 03 - |V|Leads";"[LE-GH] LEMBRETE - TRÁFEGO - OP.APMBB.23";"39,98";"Sem classificação";"Outros";"Barro Branco"
"2023";"É Amanhã - |V|Leads";"[LE-GH] LEMBRETE - TRÁFEGO - OP.APMBB.23";"100";"Sem classificação";"Outros";"Barro Branco"
"2023";"Aula 02 - |V|Leads";"[LE-GH] LEMBRETE - TRÁFEGO - OP.APMBB.23";"4,25";"Sem classificação";"Outros";"Barro Branco"
"2023";"Aula 04 - |V|Leads";"[LE-GH] LEMBRETE - TRÁFEGO - OP.APMBB.23";"60";"Sem classificação";"Outros";"Barro Branco"
"2023";"03 - [Feed] LL (BR, 1%) - Captura - Ultimato APMBB - Agosto.23";"[LE-GH] CAPTAÇÃO - LEAD - OP.APMBB.23 - PF";"236,46";"Frio (PF)";"Captação (leads)";"Barro Branco"
"2023";"03 - [Stories/Reels] LL (BR, 1%) - Captura - Ultimato APMBB - Agosto.23";"[LE-GH] CAPTAÇÃO - LEAD - OP.APMBB.23 - PF";"106,06";"Frio (PF)";"Captação (leads)";"Barro Branco"
"2023";"02 - [Stories/Reels] LL (BR, 1%) - Lead - Ultimato APMBB - Agosto.23 | 30D";"[LE-GH] CAPTAÇÃO - LEAD - OP.APMBB.23 - PF";"309,43";"Frio (PF)";"Captação (leads)";"Barro Branco"
"2023";"02 - [Feed] LL (BR, 1%) - Lead - Ultimato APMBB - Agosto.23 | 30D";"[LE-GH] CAPTAÇÃO - LEAD - OP.APMBB.23 - PF";"225,43";"Frio (PF)";"Captação (leads)";"Barro Branco"
"2023";"02 - [Feed] Envolvimento IG | 14D";"[LE-GH] CAPTAÇÃO - LEAD - OP.APMBB.23 - PQ";"53,38";"Quente (PQ)";"Captação (leads)";"Barro Branco"
"2023";"01 - [Stories/Reels] Envolvimento IG | 07D";"[LE-GH] CAPTAÇÃO - LEAD - OP.APMBB.23 - PQ";"350,79";"Quente (PQ)";"Captação (leads)";"Barro Branco"
"2023";"01 - [Feed] Envolvimento IG | 07D";"[LE-GH] CAPTAÇÃO - LEAD - OP.APMBB.23 - PQ";"261,99";"Quente (PQ)";"Captação (leads)";"Barro Branco"
"2023";"00 - [Feed] PageView APMBB | 90D";"[LE-GH] CAPTAÇÃO - LEAD - OP.APMBB.23 - PQ";"22,84";"Quente (PQ)";"Captação (leads)";"Barro Branco"
"2023";"02 - [Stories/Reels] Envolvimento IG | 14D";"[LE-GH] CAPTAÇÃO - LEAD - OP.APMBB.23 - PQ";"71,09";"Quente (PQ)";"Captação (leads)";"Barro Branco"
"2023";"03 - [Stories/Reels] Envolvimento IG | 30D";"[LE-GH] CAPTAÇÃO - LEAD - OP.APMBB.23 - PQ";"49,17";"Quente (PQ)";"Captação (leads)";"Barro Branco"
"2023";"00 - [Stories/Reels] PageView APMBB | 90D";"[LE-GH] CAPTAÇÃO - LEAD - OP.APMBB.23 - PQ";"23,2";"Quente (PQ)";"Captação (leads)";"Barro Branco"
"2023";"03 -  [Feed] Envolvimento IG | 30D";"[LE-GH] CAPTAÇÃO - LEAD - OP.APMBB.23 - PQ";"41,95";"Quente (PQ)";"Captação (leads)";"Barro Branco"
"2023";"01 - [Feed] LL (BR, 1%) - [Site] PageView - APMBB | 90D";"[LE-GH] CAPTAÇÃO - LEAD - OP.APMBB.23 - PF";"146,81";"Frio (PF)";"Captação (leads)";"Barro Branco"
"2023";"01 - [Stories/Reels] LL (BR, 1%) - [Site] PageView - APMBB | 90D";"[LE-GH] CAPTAÇÃO - LEAD - OP.APMBB.23 - PF";"263,43";"Frio (PF)";"Captação (leads)";"Barro Branco"
"2023";"00 - [Stories/Reels] LL (BR, 1%) [Site] Checkout - APMBB | 180D";"[LE-GH] CAPTAÇÃO - LEAD - OP.APMBB.23 - PF";"191,89";"Frio (PF)";"Captação (leads)";"Barro Branco"
"2023";"00 - [Feed] LL (BR, 1%) [Site] Checkout - APMBB | 180D";"[LE-GH] CAPTAÇÃO - LEAD - OP.APMBB.23 - PF";"295,31";"Frio (PF)";"Captação (leads)";"Barro Branco"
"2023";"Faltam 03 - |V|Leads";"[LE-GH] LEMBRETE - ALCANCE - ULTIMATO.APMBB.23 -";"9,98";"Sem classificação";"Engajamento / conteúdo";"Barro Branco"
"2023";"Faltam 02 - |V|Leads";"[LE-GH] LEMBRETE - ALCANCE - ULTIMATO.APMBB.23 -";"10";"Sem classificação";"Engajamento / conteúdo";"Barro Branco"
"2023";"Faltam 02 - |V|Leads";"[LE-GH] LEMBRETE - ALCANCE - ULTIMATO.EFOMM.23";"21,49";"Sem classificação";"Engajamento / conteúdo";"EFOMM"
"2023";"Faltam 03 - |V|Leads";"[LE-GH] LEMBRETE - ALCANCE - ULTIMATO.EFOMM.23";"21,56";"Sem classificação";"Engajamento / conteúdo";"EFOMM"
"2023";"00 - [Feed] LL (BR, 1%) [Site] Checkout - Full EFOMM | 180D";"[LE-GH] CAPTAÇÃO - LEAD - ULTIMATO.EFOMM.23 - PF";"23,61";"Frio (PF)";"Captação (leads)";"EFOMM"
"2023";"00 - [Stories/Reels] LL (BR, 1%) [Site] Checkout - Full EFOMM | 180D";"[LE-GH] CAPTAÇÃO - LEAD - ULTIMATO.EFOMM.23 - PF";"0";"Frio (PF)";"Captação (leads)";"EFOMM"
"2023";"02 - [Feed] Envolvimento IG | 14/30/60D";"[LE-GH] CAPTAÇÃO - LEAD - ULTIMATO.EFOMM.23 - PQ";"12,91";"Quente (PQ)";"Captação (leads)";"EFOMM"
"2023";"02 - [Stories/Reels] Envolvimento IG | 14/30/60D";"[LE-GH] CAPTAÇÃO - LEAD - ULTIMATO.EFOMM.23 - PQ";"12,87";"Quente (PQ)";"Captação (leads)";"EFOMM"
"2023";"01 - [Stories/Reels] LL (BR, 1%) - [Site] PageView - APMBB | 90D";"[LE-GH] CAPTAÇÃO - LEAD - ULTIMATO.APMBB.23 - PF";"152,77";"Frio (PF)";"Captação (leads)";"Barro Branco"
"2023";"01 - [Feed] LL (BR, 1%) - [Site] PageView - APMBB | 90D";"[LE-GH] CAPTAÇÃO - LEAD - ULTIMATO.APMBB.23 - PF";"56,32";"Frio (PF)";"Captação (leads)";"Barro Branco"
"2023";"00 - [Stories/Reels] LL (BR, 1%) [Site] Checkout - APMBB | 180D";"[LE-GH] CAPTAÇÃO - LEAD - ULTIMATO.APMBB.23 - PF";"98,51";"Frio (PF)";"Captação (leads)";"Barro Branco"
"2023";"00 - [Feed] LL (BR, 1%) [Site] Checkout - APMBB | 180D";"[LE-GH] CAPTAÇÃO - LEAD - ULTIMATO.APMBB.23 - PF";"65,55";"Frio (PF)";"Captação (leads)";"Barro Branco"
"2023";"00 - [Feed] PageView APMBB | 90D";"[LE-GH] CAPTAÇÃO - LEAD - ULTIMATO.APMBB.23 - PQ";"1,21";"Quente (PQ)";"Captação (leads)";"Barro Branco"
"2023";"01 - [Feed] Envolvimento IG | 07D";"[LE-GH] CAPTAÇÃO - LEAD - ULTIMATO.APMBB.23 - PQ";"70,52";"Quente (PQ)";"Captação (leads)";"Barro Branco"
"2023";"03 -  [Feed] Envolvimento IG | 30D";"[LE-GH] CAPTAÇÃO - LEAD - ULTIMATO.APMBB.23 - PQ";"56,39";"Quente (PQ)";"Captação (leads)";"Barro Branco"
"2023";"00 - [Stories/Reels] PageView APMBB | 90D";"[LE-GH] CAPTAÇÃO - LEAD - ULTIMATO.APMBB.23 - PQ";"1,72";"Quente (PQ)";"Captação (leads)";"Barro Branco"
"2023";"01 - [Stories/Reels] Envolvimento IG | 07D";"[LE-GH] CAPTAÇÃO - LEAD - ULTIMATO.APMBB.23 - PQ";"88,52";"Quente (PQ)";"Captação (leads)";"Barro Branco"
"2023";"02 - [Stories/Reels] Envolvimento IG | 14D";"[LE-GH] CAPTAÇÃO - LEAD - ULTIMATO.APMBB.23 - PQ";"54,63";"Quente (PQ)";"Captação (leads)";"Barro Branco"
"2023";"03 - [Stories/Reels] Envolvimento IG | 30D";"[LE-GH] CAPTAÇÃO - LEAD - ULTIMATO.APMBB.23 - PQ";"2,97";"Quente (PQ)";"Captação (leads)";"Barro Branco"
"2023";"10 - VV 50% - Combo Vídeos Descoberta | 60D";"[LE-GH] PP - ESPCEX - CONVERSÃO  - PQ - CBO";"42,17";"Quente (PQ)";"Vendas / perpétuo";"EsPCEx"
"2023";"03 - LL (BR, 1%) VV 75% - Combo Nuggets - Geral | 30D";"[LE-GH]  PP - ESPCEX - DESCOBERTA - CBO";"0";"Frio (PF)";"Vendas / perpétuo";"EsPCEx"
"2023";"02 - LL (BR, 1%) Checkout Geral | 90D";"[LE-GH]  PP - ESPCEX - DESCOBERTA - CBO";"36,34";"Frio (PF)";"Vendas / perpétuo";"EsPCEx"
"2023";"00 - Leads Active Campaing - Maio.23 | Total";"[LE-GH] PP - ESPCEX - CONVERSÃO  - PQ - CBO";"0";"Quente (PQ)";"Vendas / perpétuo";"EsPCEx"
"2023";"00  - Interesses Geral";"[LE-GH]  PP - ESPCEX - DESCOBERTA - CBO";"51,83";"Frio (PF)";"Vendas / perpétuo";"EsPCEx"
"2023";"01 - LL (BR, 1%) Instagram | 30D";"[LE-GH]  PP - ESPCEX - DESCOBERTA - CBO";"2,94";"Frio (PF)";"Vendas / perpétuo";"EsPCEx"
"2023";"05 - Envolvimento IG | 14D";"[LE-GH] PP - ESPCEX - CONVERSÃO  - PQ - CBO";"462,87";"Quente (PQ)";"Vendas / perpétuo";"EsPCEx"
"2023";"04 - Envolvimento IG | 07D";"[LE-GH] PP - ESPCEX - CONVERSÃO  - PQ - CBO";"2303,12";"Quente (PQ)";"Vendas / perpétuo";"EsPCEx"
"2023";"06 - Envolvimento IG | 30D";"[LE-GH] PP - ESPCEX - CONVERSÃO  - PQ - CBO";"0";"Quente (PQ)";"Vendas / perpétuo";"EsPCEx"
"2023";"02 - PageView Home | 30D";"[LE-GH] PP - ESPCEX - CONVERSÃO  - PQ - CBO";"369,17";"Quente (PQ)";"Vendas / perpétuo";"EsPCEx"
"2023";"00 - [Stories/Reels] Lead - OP. + ULT. EsPCEx";"[LE-GH] CARRINHO ABERTO - CONVERSÃO - OP.ESPCEX.SET.24";"22,39";"Sem classificação";"Vendas / perpétuo";"EsPCEx"
"2023";"00 - [Feed] Lead - OP. + ULT. EsPCEx";"[LE-GH] CARRINHO ABERTO - CONVERSÃO - OP.ESPCEX.SET.24";"11,18";"Sem classificação";"Vendas / perpétuo";"EsPCEx"
"2023";"04 - [Feed] Checkout EsPCEx | 180D";"[LE-GH] CARRINHO ABERTO - CONVERSÃO - OP.ESPCEX.SET.24";"40,03";"Quente (PQ)";"Vendas / perpétuo";"EsPCEx"
"2023";"03 - [Feed] PageView Site + PGV - EsPCEx 180D";"[LE-GH] CARRINHO ABERTO - CONVERSÃO - OP.ESPCEX.SET.24";"107,3";"Quente (PQ)";"Vendas / perpétuo";"EsPCEx"
"2023";"01 - [Feed] Captura - OP. + ULT. EsPCEx";"[LE-GH] CARRINHO ABERTO - CONVERSÃO - OP.ESPCEX.SET.24";"43,84";"Sem classificação";"Vendas / perpétuo";"EsPCEx"
"2023";"04 -  [Feed] Envolvimento IG | 30";"[LE-GH] CAPTAÇÃO - LEAD - OP.ESPCEX.SET.24 - PQ";"66,5";"Quente (PQ)";"Captação (leads)";"EsPCEx"
"2023";"03 - [Feed] Envolvimento IG | 14D";"[LE-GH] CAPTAÇÃO - LEAD - OP.ESPCEX.SET.24 - PQ";"64,29";"Quente (PQ)";"Captação (leads)";"EsPCEx"
"2023";"03 - [Stories/Reels] Envolvimento IG | 14D";"[LE-GH] CAPTAÇÃO - LEAD - OP.ESPCEX.SET.24 - PQ";"64,74";"Quente (PQ)";"Captação (leads)";"EsPCEx"
"2023";"00 - [Stories/Reels] [LISTA ULTIMATO ESPCEX23]";"[LE-GH] CAPTAÇÃO - LEAD - OP.ESPCEX.SET.24 - PQ";"817,87";"Quente (PQ)";"Captação (leads)";"EsPCEx"
"2023";"00 - [Feed] [LISTA ULTIMATO ESPCEX23]";"[LE-GH] CAPTAÇÃO - LEAD - OP.ESPCEX.SET.24 - PQ";"445,68";"Quente (PQ)";"Captação (leads)";"EsPCEx"
"2023";"01 - [Stories/Reels [Site] PageView EsPCEx + PDV + PageView Ultimato EsPCEx | 90D";"[LE-GH] CAPTAÇÃO - LEAD - OP.ESPCEX.SET.24 - PQ";"65,41";"Quente (PQ)";"Captação (leads)";"EsPCEx"
"2023";"01 - [Feed] [Site] PageView EsPCEx + PDV + PageView Ultimato EsPCEx | 90D";"[LE-GH] CAPTAÇÃO - LEAD - OP.ESPCEX.SET.24 - PQ";"45,02";"Quente (PQ)";"Captação (leads)";"EsPCEx"
"2023";"07 - [Stories/Reels] PF - INTERESSE";"[LE-GH] CAPTAÇÃO - LEAD - ULT.EsPCEx.23 - PF";"58,8";"Frio (PF)";"Captação (leads)";"EsPCEx"
"2023";"06 - [Feed] - PF - INTERESSE";"[LE-GH] CAPTAÇÃO - LEAD - ULT.EsPCEx.23 - PF";"71,29";"Frio (PF)";"Captação (leads)";"EsPCEx"
"2023";"03 - [Stories/Reels] LL (BR, 1%) [Site] Compra - EsPCEx | 180D";"[LE-GH] CAPTAÇÃO - LEAD - ULT.EsPCEx.23 - PF";"555,57";"Frio (PF)";"Captação (leads)";"EsPCEx"
"2023";"00 - [Feed] LL (BR, 1%) [Site] Checkout - EsPCEx | 180D";"[LE-GH] CAPTAÇÃO - LEAD - ULT.EsPCEx.23 - PF";"60,21";"Frio (PF)";"Captação (leads)";"EsPCEx"
"2024";"04 - Envolvimento IG | 14D";"[LE-GH] CARRINHO ABERTO - CONVERSÃO - BLACKTM.24 [NOV.24]";"1072,02";"Quente (PQ)";"Vendas / perpétuo";"Outros / matérias"
"2024";"02 - Envolvimento IG | 30D";"[LE-GH] CARRINHO ABERTO - CONVERSÃO - BLACKTM.24 [NOV.24]";"1474,02";"Quente (PQ)";"Vendas / perpétuo";"Outros / matérias"
"2024";"07 - Dia 21 - É hoje [AULA 01]";"[LE-GH] OP.ESPCEX.25 - LEMBRETE LIVE - TRÁFEGO - CBO [OUT.24]";"1000,48";"Sem classificação";"Outros";"EsPCEx"
"2024";"04 - Interesses | OP.EsPCEx.25 [OUT.24]";"[LE-GH] OP.ESPCEX.25 - CAPTAÇÃO - CADASTROS - CBO - PF [LL] [OUT.24] [PIXEL ANTIGO]";"925,81";"Frio (PF)";"Captação (leads)";"EsPCEx"
"2024";"04 - Interesses | OP.EsPCEx.25 [OUT.24]";"[LE-GH] OP.ESPCEX.25 - CAPTAÇÃO - CADASTROS - CBO - PF [LL] [OUT.24]";"10097,16";"Frio (PF)";"Captação (leads)";"EsPCEx"
"2024";"04 - Envolvimento IG | 07D";"[LE-GH] OP.ESPCEX.25 - CAPTAÇÃO - CADASTROS - ABO - PQ [OUT.24] [TESTE 02 - Cap_AdE]";"139,47";"Quente (PQ)";"Captação (leads)";"EsPCEx"
"2024";"01 - Envolvimento IG | 07D";"[LE-GH] OP.ESPCEX.25 - CAPTAÇÃO - CADASTROS - ABO - PQ [OUT.24] [TESTE 02 - Cap_AdE]";"140,85";"Quente (PQ)";"Captação (leads)";"EsPCEx"
"2024";"00 - Envolvimento IG | 07D";"[LE-GH] OP.ESPCEX.25 - CAPTAÇÃO - CADASTROS - ABO - PQ [OUT.24] [TESTE 02 - Cap_AdE]";"140,89";"Quente (PQ)";"Captação (leads)";"EsPCEx"
"2024";"02 - Envolvimento IG | 07D";"[LE-GH] OP.ESPCEX.25 - CAPTAÇÃO - CADASTROS - ABO - PQ [OUT.24] [TESTE 02 - Cap_AdE]";"140,61";"Quente (PQ)";"Captação (leads)";"EsPCEx"
"2024";"03 - Envolvimento IG | 07D";"[LE-GH] OP.ESPCEX.25 - CAPTAÇÃO - CADASTROS - ABO - PQ [OUT.24] [TESTE 02 - Cap_AdE]";"140,85";"Quente (PQ)";"Captação (leads)";"EsPCEx"
"2024";"03 - Envolvimento IG | 07D";"[LE-GH] OP.ESPCEX.25 - CAPTAÇÃO - CADASTROS - ABO - PQ [OUT.24] [TESTE 01 - Cap_AdV]";"174,26";"Quente (PQ)";"Captação (leads)";"EsPCEx"
"2024";"02 - Envolvimento IG | 07D";"[LE-GH] OP.ESPCEX.25 - CAPTAÇÃO - CADASTROS - ABO - PQ [OUT.24] [TESTE 01 - Cap_AdV]";"175,12";"Quente (PQ)";"Captação (leads)";"EsPCEx"
"2024";"01 - Envolvimento IG | 07D";"[LE-GH] OP.ESPCEX.25 - CAPTAÇÃO - CADASTROS - ABO - PQ [OUT.24] [TESTE 01 - Cap_AdV]";"174";"Quente (PQ)";"Captação (leads)";"EsPCEx"
"2024";"00 - Envolvimento IG | 07D";"[LE-GH] OP.ESPCEX.25 - CAPTAÇÃO - CADASTROS - ABO - PQ [OUT.24] [TESTE 01 - Cap_AdV]";"184,73";"Quente (PQ)";"Captação (leads)";"EsPCEx"
"2024";"02 - [Stories] PF - INTERESSE";"[LE-GH] ULT.ESPCEX.24 - CAPTAÇÃO - CADASTROS - CBO - PF [SET.24]";"1419,66";"Frio (PF)";"Captação (leads)";"EsPCEx"
"2024";"02 - [Feed] PF - INTERESSE";"[LE-GH] ULT.ESPCEX.24 - CAPTAÇÃO - CADASTROS - CBO - PF [SET.24]";"188,44";"Frio (PF)";"Captação (leads)";"EsPCEx"
"2024";"02 - Envolvimento IG | 07D";"[LE-GH] RFESPCEX.24 - CAPTAÇÃO LIVE - RECONHECIMENTO - CBO [JUL.24]";"707,58";"Quente (PQ)";"Captação (leads)";"EsPCEx"
"2024";"01 - PageView Full EsPCEx | 180D";"[LE-GH] RFESPCEX.24 - CAPTAÇÃO LIVE - RECONHECIMENTO - CBO [JUL.24]";"533,29";"Quente (PQ)";"Captação (leads)";"EsPCEx"
"2024";"03 - LL (BR, 1%) - [Site] Checkout - Full EsPCEx | 90D";"[LE-GH] RFESPCEX.24 - CAPTAÇÃO LIVE - RECONHECIMENTO - CBO [JUL.24]";"1324,92";"Frio (PF)";"Captação (leads)";"EsPCEx"
"2024";"04- LL (BR, 1%) - [Site] PageView - Full EsPCEx | 90D";"[LE-GH] RFESPCEX.24 - CAPTAÇÃO LIVE - RECONHECIMENTO - CBO [JUL.24]";"494,86";"Frio (PF)";"Captação (leads)";"EsPCEx"
"2024";"01 - [Stories/Reels] INTERESSES - P.VIDA.24";"[LE-GH] CAPTAÇÃO - LEAD - P.VIDA.24 - PF";"502,73";"Frio (PF)";"Captação (leads)";"Projeto de Vida"
"2024";"01 - [Feed] INTERESSES - P.VIDA.24";"[LE-GH] CAPTAÇÃO - LEAD - P.VIDA.24 - PF";"262,04";"Frio (PF)";"Captação (leads)";"Projeto de Vida"
"2024";"05 - [Site] Checkout - Geral | 180D";"[LE-GH] CAPTAÇÃO - LEAD - MAT.BAS.25 [JAN.25] - PQ";"0,52";"Quente (PQ)";"Captação (leads)";"Matemática Básica"
"2024";"00 - Leads Active";"[LE-GH] CAPTAÇÃO - LEAD - MAT.BAS.25 [JAN.25] - PQ";"97,09";"Quente (PQ)";"Captação (leads)";"Matemática Básica"
"2024";"03 - LL (BR, 1%) - Leads Active - Novembro.24 | 90D";"[LE-GH] CAPTAÇÃO - LEAD - MAT.BAS.25 [JAN.25] - PF";"194,75";"Frio (PF)";"Captação (leads)";"Matemática Básica"
"2024";"01 - LL (BR, 1%) [Site] Compra | 180D";"[LE-GH] CAPTAÇÃO - LEAD - MAT.BAS.25 [JAN.25] - PF";"1499,33";"Frio (PF)";"Captação (leads)";"Matemática Básica"
"2024";"00 - LL (BR, 1%) Lista alunos";"[LE-GH] CAPTAÇÃO - LEAD - MAT.BAS.25 [JAN.25] - PF";"119,7";"Frio (PF)";"Captação (leads)";"Matemática Básica"
"2024";"01 - [Site] PageView - Geral | 180D";"[LE-GH] CAPTAÇÃO - LEAD - MAT.BAS.25 [JAN.25] - PQ";"105,25";"Quente (PQ)";"Captação (leads)";"Matemática Básica"
"2024";"03 - Envolvimento IG | 14D";"[LE-GH] CAPTAÇÃO - LEAD - MAT.BAS.25 [JAN.25] - PQ";"631,96";"Quente (PQ)";"Captação (leads)";"Matemática Básica"
"2024";"04 - Envolvimento IG | 30";"[LE-GH] CAPTAÇÃO - LEAD - MAT.BAS.25 [JAN.25] - PQ";"481,87";"Quente (PQ)";"Captação (leads)";"Matemática Básica"
"2024";"02 - Envolvimento IG | 07D";"[LE-GH] CAPTAÇÃO - LEAD - MAT.BAS.25 [JAN.25] - PQ";"1223,82";"Quente (PQ)";"Captação (leads)";"Matemática Básica"
"2024";"04 - PF - INTERESSE";"[LE-GH] CAPTAÇÃO - LEAD - MAT.BAS.25 [JAN.25] - PF";"1570,76";"Frio (PF)";"Captação (leads)";"Matemática Básica"
"2024";"01 - IG - Engajamento | 07D";"[LE-GH] M.ESA - CARRINHO ABERTO - VENDAS - CBO - PQ - [DEZ.24]";"662,66";"Quente (PQ)";"Vendas / perpétuo";"ESA"
"2024";"00 - [Site] PageView - Full ESA | 180D";"[LE-GH] M.ESA - CARRINHO ABERTO - VENDAS - CBO - PQ - [DEZ.24]";"4,97";"Quente (PQ)";"Vendas / perpétuo";"ESA"
"2024";"01 - IG - Engajamento | 60, 90D";"[LE-GH] M.ESA - CAPTAÇÃO - CADASTROS - CBO - PQ - [DEZ.24]";"1639,95";"Quente (PQ)";"Captação (leads)";"ESA"
"2024";"02 - IG - Engajamento | 180, 365D";"[LE-GH] M.ESA - CAPTAÇÃO - CADASTROS - CBO - PQ - [DEZ.24]";"764,75";"Quente (PQ)";"Captação (leads)";"ESA"
"2024";"00 - IG - Engajamento | 07, 14, 30D";"[LE-GH] M.ESA - CAPTAÇÃO - CADASTROS - CBO - PQ - [DEZ.24]";"1164,45";"Quente (PQ)";"Captação (leads)";"ESA"
"2024";"00 - PageView HOME - BLACKTM.24";"[LE-GH] CARRINHO ABERTO - CONVERSÃO - BLACKTM.24 [NOV.24]";"228,46";"Quente (PQ)";"Vendas / perpétuo";"Outros / matérias"
"2024";"03 - Leads Active - Novembro.24";"[LE-GH] CARRINHO ABERTO - CONVERSÃO - BLACKTM.24 [NOV.24]";"154,59";"Quente (PQ)";"Vendas / perpétuo";"Outros / matérias"
"2024";"01 - Envolvimento IG | 07D";"[LE-GH] CARRINHO ABERTO - CONVERSÃO - BLACKTM.24 [NOV.24]";"2843,79";"Quente (PQ)";"Vendas / perpétuo";"Outros / matérias"
"2024";"05 - Checkout Geral | 180D";"[LE-GH] CARRINHO ABERTO - CONVERSÃO - BLACKTM.24 [NOV.24]";"58,08";"Quente (PQ)";"Vendas / perpétuo";"Outros / matérias"
"2024";"FALTAM 06 - |V| Active, Site e IG | 07 - 180D";"[LE-GH] LEMBRETE LIVE - TRÁFEGO - BLACKTM.24 [NOV.24]";"300";"Sem classificação";"Outros";"Outros / matérias"
"2024";"É AMANHÃ - |V| Active, Site e IG | 07 - 180D";"[LE-GH] LEMBRETE LIVE - TRÁFEGO - BLACKTM.24 [NOV.24]";"800";"Sem classificação";"Outros";"Outros / matérias"
"2024";"FALTAM 02 - |V| Active, Site e IG | 07 - 180D";"[LE-GH] LEMBRETE LIVE - TRÁFEGO - BLACKTM.24 [NOV.24]";"599,94";"Sem classificação";"Outros";"Outros / matérias"
"2024";"FALTAM 03 - |V| Active, Site e IG | 07 - 180D";"[LE-GH] LEMBRETE LIVE - TRÁFEGO - BLACKTM.24 [NOV.24]";"495,92";"Sem classificação";"Outros";"Outros / matérias"
"2024";"FALTAM 04 - |V| Active, Site e IG | 07 - 180D";"[LE-GH] LEMBRETE LIVE - TRÁFEGO - BLACKTM.24 [NOV.24]";"400";"Sem classificação";"Outros";"Outros / matérias"
"2024";"FALTAM 05 - |V| Active, Site e IG | 07 - 180D";"[LE-GH] LEMBRETE LIVE - TRÁFEGO - BLACKTM.24 [NOV.24]";"299,99";"Sem classificação";"Outros";"Outros / matérias"
"2024";"É HOJE  - |V| Active, Site e IG | 07 - 180D";"[LE-GH] LEMBRETE LIVE - TRÁFEGO - BLACKTM.24 [NOV.24]";"996,83";"Sem classificação";"Outros";"Outros / matérias"
"2024";"01 - Envolvimento IG | 07D";"[LE-GH] OP.ESPCEX.25 - CARRINHO ABERTO - VENDA - CBO [OUT.24]";"3556,65";"Quente (PQ)";"Vendas / perpétuo";"EsPCEx"
"2024";"00 - Lead - OP. + ULT. EsPCEx";"[LE-GH] OP.ESPCEX.25 - CARRINHO ABERTO - VENDA - CBO [OUT.24]";"353,44";"Sem classificação";"Vendas / perpétuo";"EsPCEx"
"2024";"05 - Dia 19 - Faltam 2 dias";"[LE-GH] OP.ESPCEX.25 - LEMBRETE LIVE - TRÁFEGO - CBO [OUT.24]";"499,42";"Sem classificação";"Outros";"EsPCEx"
"2024";"01 - Dia 15 - Faltam 6 dias";"[LE-GH] OP.ESPCEX.25 - LEMBRETE LIVE - TRÁFEGO - CBO [OUT.24]";"515,25";"Sem classificação";"Outros";"EsPCEx"
"2024";"04 - Dia 18 - Faltam 3 dias";"[LE-GH] OP.ESPCEX.25 - LEMBRETE LIVE - TRÁFEGO - CBO [OUT.24]";"584,85";"Sem classificação";"Outros";"EsPCEx"
"2024";"06 - Dia 20 - É amanhã";"[LE-GH] OP.ESPCEX.25 - LEMBRETE LIVE - TRÁFEGO - CBO [OUT.24]";"1000,28";"Sem classificação";"Outros";"EsPCEx"
"2024";"08 - Dia 22 [AULA 02]";"[LE-GH] OP.ESPCEX.25 - LEMBRETE LIVE - TRÁFEGO - CBO [OUT.24]";"287,18";"Sem classificação";"Outros";"EsPCEx"
"2024";"09 - Dia 23 [AULA 03]";"[LE-GH] OP.ESPCEX.25 - LEMBRETE LIVE - TRÁFEGO - CBO [OUT.24]";"299,78";"Sem classificação";"Outros";"EsPCEx"
"2024";"10 - Dia 24 [AULA 04]";"[LE-GH] OP.ESPCEX.25 - LEMBRETE LIVE - TRÁFEGO - CBO [OUT.24]";"299,69";"Sem classificação";"Outros";"EsPCEx"
"2024";"00 - Dia 14 - Faltam 7 dias";"[LE-GH] OP.ESPCEX.25 - LEMBRETE LIVE - TRÁFEGO - CBO [OUT.24]";"629,3";"Sem classificação";"Outros";"EsPCEx"
"2024";"02 - Dia 16 - Faltam 5 dias";"[LE-GH] OP.ESPCEX.25 - LEMBRETE LIVE - TRÁFEGO - CBO [OUT.24]";"920,65";"Sem classificação";"Outros";"EsPCEx"
"2024";"03 - Dia 17 - Faltam 4 dias";"[LE-GH] OP.ESPCEX.25 - LEMBRETE LIVE - TRÁFEGO - CBO [OUT.24]";"856,8";"Sem classificação";"Outros";"EsPCEx"
"2024";"00 - IG - Engajamento | 07, 14, 30D";"[LE-GH] OP.ESPCEX.25 - CAPTAÇÃO - CADASTROS - CBO - PQ [INSTAGRAM] [OUT.24] [PIXEL ANTIGO]";"376,12";"Quente (PQ)";"Captação (leads)";"EsPCEx"
"2024";"01 - IG - Engajamento | 60, 90D";"[LE-GH] OP.ESPCEX.25 - CAPTAÇÃO - CADASTROS - CBO - PQ [INSTAGRAM] [OUT.24] [PIXEL ANTIGO]";"31,95";"Quente (PQ)";"Captação (leads)";"EsPCEx"
"2024";"00 - LL (BR, 1%) - IG - Engajamento | 07D";"[LE-GH] OP.ESPCEX.25 - CAPTAÇÃO - CADASTROS - CBO - PF [LL] [OUT.24] [PIXEL ANTIGO]";"1737,25";"Frio (PF)";"Captação (leads)";"EsPCEx"
"2024";"03 - LL (BR, 1%) Leads - OP.EsPCEx.24";"[LE-GH] OP.ESPCEX.25 - CAPTAÇÃO - CADASTROS - CBO - PF [LL] [OUT.24] [PIXEL ANTIGO]";"203,2";"Frio (PF)";"Captação (leads)";"EsPCEx"
"2024";"02 - IG - Engajamento | 180, 365D";"[LE-GH] OP.ESPCEX.25 - CAPTAÇÃO - CADASTROS - CBO - PQ [INSTAGRAM] [OUT.24] [PIXEL ANTIGO]";"12,5";"Quente (PQ)";"Captação (leads)";"EsPCEx"
"2024";"02 - LL (BR, 1%) Leads - PLANO.EsPCEx.24";"[LE-GH] OP.ESPCEX.25 - CAPTAÇÃO - CADASTROS - CBO - PF [LL] [OUT.24] [PIXEL ANTIGO]";"425,12";"Frio (PF)";"Captação (leads)";"EsPCEx"
"2024";"03 - Vídeos de Eventos EsPCEx 50% | Reta Final, Ultimatos & Perpétuo";"[LE-GH] OP.ESPCEX.25 - CAPTAÇÃO - CADASTROS - CBO - PQ [INSTAGRAM] [OUT.24] [PIXEL ANTIGO]";"2,62";"Quente (PQ)";"Captação (leads)";"EsPCEx"
"2024";"00 - LEADS ACTIVE - OP.APMBB [SET.24]";"[LE-GH] PP.APMBB - VENDA - CADASTROS - CBO - PQ [OUT.24]";"1223,28";"Quente (PQ)";"Captação (leads)";"Barro Branco"
"2024";"03 - LL (BR, 1%) Leads - OP.EsPCEx.24";"[LE-GH] OP.ESPCEX.25 - CAPTAÇÃO - CADASTROS - CBO - PF [LL] [OUT.24]";"2004,53";"Frio (PF)";"Captação (leads)";"EsPCEx"
"2024";"01 - LL (BR, 1%) Alunos - EsPCEx.23";"[LE-GH] OP.ESPCEX.25 - CAPTAÇÃO - CADASTROS - CBO - PF [LL] [OUT.24]";"418,16";"Frio (PF)";"Captação (leads)";"EsPCEx"
"2024";"00 - LL (BR, 1%) - IG - Engajamento | 07D";"[LE-GH] OP.ESPCEX.25 - CAPTAÇÃO - CADASTROS - CBO - PF [LL] [OUT.24]";"7009,94";"Frio (PF)";"Captação (leads)";"EsPCEx"
"2024";"02 - LL (BR, 1%) Leads - PLANO.EsPCEx.24";"[LE-GH] OP.ESPCEX.25 - CAPTAÇÃO - CADASTROS - CBO - PF [LL] [OUT.24]";"3952,59";"Frio (PF)";"Captação (leads)";"EsPCEx"
"2024";"03 - Vídeos de Eventos EsPCEx 50% | Reta Final, Ultimatos & Perpétuo";"[LE-GH] OP.ESPCEX.25 - CAPTAÇÃO - CADASTROS - CBO - PQ [INSTAGRAM] [OUT.24]";"151,78";"Quente (PQ)";"Captação (leads)";"EsPCEx"
"2024";"02 - Checkout EsPCEx | 180D";"[LE-GH] OP.ESPCEX.25 - CAPTAÇÃO - CADASTROS - CBO - PQ [SITE & LEADS] [OUT.24]";"940,99";"Quente (PQ)";"Captação (leads)";"EsPCEx"
"2024";"00 - Leads Active Campaing | 2023/2024";"[LE-GH] OP.ESPCEX.25 - CAPTAÇÃO - CADASTROS - CBO - PQ [SITE & LEADS] [OUT.24]";"370,41";"Quente (PQ)";"Captação (leads)";"EsPCEx"
"2024";"02 - IG - Engajamento | 180, 365D";"[LE-GH] OP.ESPCEX.25 - CAPTAÇÃO - CADASTROS - CBO - PQ [INSTAGRAM] [OUT.24]";"827,12";"Quente (PQ)";"Captação (leads)";"EsPCEx"
"2024";"01 - IG - Engajamento | 60, 90D";"[LE-GH] OP.ESPCEX.25 - CAPTAÇÃO - CADASTROS - CBO - PQ [INSTAGRAM] [OUT.24]";"1161,56";"Quente (PQ)";"Captação (leads)";"EsPCEx"
"2024";"00 - IG - Engajamento | 07, 14, 30D";"[LE-GH] OP.ESPCEX.25 - CAPTAÇÃO - CADASTROS - CBO - PQ [INSTAGRAM] [OUT.24]";"6158,67";"Quente (PQ)";"Captação (leads)";"EsPCEx"
"2024";"05 - Domingo [CORREÇÃO]";"[LE-GH] ULT.ESA.24 - LEMBRETE LIVE - TRÁFEGO - CBO [AGO.24]";"36,45";"Sem classificação";"Outros";"ESA"
"2024";"04 - Sábado [REVISÃO DE VÉSPERA]";"[LE-GH] ULT.ESA.24 - LEMBRETE LIVE - TRÁFEGO - CBO [AGO.24]";"25,84";"Sem classificação";"Outros";"ESA"
"2024";"09 - Domingo [CORREÇÃO 2]";"[LE-GH] ULT.ESPCEX.24 - LEMBRETE LIVE - TRÁFEGO - CBO [SET.24]";"49,9";"Sem classificação";"Outros";"EsPCEx"
"2024";"08 - Sábado [CORREÇÃO 1]";"[LE-GH] ULT.ESPCEX.24 - LEMBRETE LIVE - TRÁFEGO - CBO [SET.24]";"49,99";"Sem classificação";"Outros";"EsPCEx"
"2024";"07 - Sexta-feira [REVISÃO DE VÉSPERA]";"[LE-GH] ULT.ESPCEX.24 - LEMBRETE LIVE - TRÁFEGO - CBO [SET.24]";"49,85";"Sem classificação";"Outros";"EsPCEx"
"2024";"02 - É amanhã";"[LE-GH] ULT.ESPCEX.24 - LEMBRETE LIVE - TRÁFEGO - CBO [SET.24]";"49,91";"Sem classificação";"Outros";"EsPCEx"
"2024";"06 - Quinta-feira [AULA 4]";"[LE-GH] ULT.ESPCEX.24 - LEMBRETE LIVE - TRÁFEGO - CBO [SET.24]";"49,91";"Sem classificação";"Outros";"EsPCEx"
"2024";"04 - Terça-feira [AULA 2]";"[LE-GH] ULT.ESPCEX.24 - LEMBRETE LIVE - TRÁFEGO - CBO [SET.24]";"49,46";"Sem classificação";"Outros";"EsPCEx"
"2024";"05 - Quarta-feira [AULA 3]";"[LE-GH] ULT.ESPCEX.24 - LEMBRETE LIVE - TRÁFEGO - CBO [SET.24]";"49,83";"Sem classificação";"Outros";"EsPCEx"
"2024";"00 - Faltam 3 dias";"[LE-GH] ULT.ESPCEX.24 - LEMBRETE LIVE - TRÁFEGO - CBO [SET.24]";"32,61";"Sem classificação";"Outros";"EsPCEx"
"2024";"01 - Faltam 2 dias";"[LE-GH] ULT.ESPCEX.24 - LEMBRETE LIVE - TRÁFEGO - CBO [SET.24]";"24,96";"Sem classificação";"Outros";"EsPCEx"
"2024";"03 - Segunda-feira [AULA 1]";"[LE-GH] ULT.ESPCEX.24 - LEMBRETE LIVE - TRÁFEGO - CBO [SET.24]";"149,56";"Sem classificação";"Outros";"EsPCEx"
"2024";"03 - [Feed] PageView Site + Checkout - APMBB |180D";"[LE-GH] OP.APMBB.24 - CARRINHO ABERTO - VENDA - CBO [AGO.24]";"20,37";"Quente (PQ)";"Vendas / perpétuo";"Barro Branco"
"2024";"02 - [Feed] Envolvimento IG | 07D";"[LE-GH] OP.APMBB.24 - CARRINHO ABERTO - VENDA - CBO [AGO.24]";"792,05";"Quente (PQ)";"Vendas / perpétuo";"Barro Branco"
"2024";"01 - [Stories/Reels] Captura - OP.+ULT. APMBB [SET.24]";"[LE-GH] OP.APMBB.24 - CARRINHO ABERTO - VENDA - CBO [AGO.24]";"74,19";"Sem classificação";"Vendas / perpétuo";"Barro Branco"
"2024";"00 - [Feed] Lead - OP.+ULT. APMBB [SET.24]";"[LE-GH] OP.APMBB.24 - CARRINHO ABERTO - VENDA - CBO [AGO.24]";"42,61";"Sem classificação";"Vendas / perpétuo";"Barro Branco"
"2024";"03 - [Stories/Reels] PageView Site + Checkout - APMBB | 180D";"[LE-GH] OP.APMBB.24 - CARRINHO ABERTO - VENDA - CBO [AGO.24]";"21,73";"Quente (PQ)";"Vendas / perpétuo";"Barro Branco"
"2024";"00 - [Stories/Reels] Lead - OP.+ULT. APMBB [SET.24]";"[LE-GH] OP.APMBB.24 - CARRINHO ABERTO - VENDA - CBO [AGO.24]";"56,98";"Sem classificação";"Vendas / perpétuo";"Barro Branco"
"2024";"01 - [Feed] Captura - OP.+ULT. APMBB [SET.24]";"[LE-GH] OP.APMBB.24 - CARRINHO ABERTO - VENDA - CBO [AGO.24]";"70,04";"Sem classificação";"Vendas / perpétuo";"Barro Branco"
"2024";"02 - [Stories/Reels] Envolvimento IG | 07D";"[LE-GH] OP.APMBB.24 - CARRINHO ABERTO - VENDA - CBO [AGO.24]";"1125,79";"Quente (PQ)";"Vendas / perpétuo";"Barro Branco"
"2024";"01 - [Feed] LL - LEADS - PLANO.ESPCEX.24";"[LE-GH] ULT.ESPCEX.24 - CAPTAÇÃO - CADASTROS - CBO - PF [SET.24]";"75,59";"Frio (PF)";"Captação (leads)";"EsPCEx"
"2024";"00 - [Feed] LL - LEADS - OP.ESPCEX.24";"[LE-GH] ULT.ESPCEX.24 - CAPTAÇÃO - CADASTROS - CBO - PF [SET.24]";"97,59";"Frio (PF)";"Captação (leads)";"EsPCEx"
"2024";"01 - [Stories/Reels] LL - LEADS - PLANO.ESPCEX.24";"[LE-GH] ULT.ESPCEX.24 - CAPTAÇÃO - CADASTROS - CBO - PF [SET.24]";"494,69";"Frio (PF)";"Captação (leads)";"EsPCEx"
"2024";"01 -  [Feed] Envolvimento IG | 30";"[LE-GH] ULT.ESPCEX.24 - CAPTAÇÃO - CADASTROS - CBO - PQ [SET.24]";"88,2";"Quente (PQ)";"Captação (leads)";"EsPCEx"
"2024";"03 - [Stories/Reels [Site] PageView + Checkout - Site | 180D";"[LE-GH] ULT.ESPCEX.24 - CAPTAÇÃO - CADASTROS - CBO - PQ [SET.24]";"0,77";"Quente (PQ)";"Captação (leads)";"EsPCEx"
"2024";"02 - [Feed] LEADS - EsPCEx [ULT+OP.24]";"[LE-GH] ULT.ESPCEX.24 - CAPTAÇÃO - CADASTROS - CBO - PQ [SET.24]";"1,85";"Quente (PQ)";"Captação (leads)";"EsPCEx"
"2024";"01 - [Stories/Reels] Envolvimento IG | 30D";"[LE-GH] ULT.ESPCEX.24 - CAPTAÇÃO - CADASTROS - CBO - PQ [SET.24]";"191,2";"Quente (PQ)";"Captação (leads)";"EsPCEx"
"2024";"00 - Stories/Reels] Envolvimento IG | 07D";"[LE-GH] ULT.ESPCEX.24 - CAPTAÇÃO - CADASTROS - CBO - PQ [SET.24]";"324,89";"Quente (PQ)";"Captação (leads)";"EsPCEx"
"2024";"03 - [Feed] [Site] PageView + Checkout - Site | 180D";"[LE-GH] ULT.ESPCEX.24 - CAPTAÇÃO - CADASTROS - CBO - PQ [SET.24]";"0,41";"Quente (PQ)";"Captação (leads)";"EsPCEx"
"2024";"00 - [Feed] Envolvimento IG | 07D";"[LE-GH] ULT.ESPCEX.24 - CAPTAÇÃO - CADASTROS - CBO - PQ [SET.24]";"260,9";"Quente (PQ)";"Captação (leads)";"EsPCEx"
"2024";"02 - [Stories/Reels] LEADS - EsPCEx [ULT+OP.24]";"[LE-GH] ULT.ESPCEX.24 - CAPTAÇÃO - CADASTROS - CBO - PQ [SET.24]";"4,25";"Quente (PQ)";"Captação (leads)";"EsPCEx"
"2024";"00 - [Stories/Reels] LL - LEADS - OP.ESPCEX.24";"[LE-GH] ULT.ESPCEX.24 - CAPTAÇÃO - CADASTROS - CBO - PF [SET.24]";"74,04";"Frio (PF)";"Captação (leads)";"EsPCEx"
"2024";"03 - Dia 12 - Aula 4";"[LE-GH] ULT.ESA.24 - LEMBRETE LIVE - TRÁFEGO - CBO [AGO.24]";"43,3";"Sem classificação";"Outros";"ESA"
"2024";"02 - Dia 11 - Aula 3";"[LE-GH] ULT.ESA.24 - LEMBRETE LIVE - TRÁFEGO - CBO [AGO.24]";"100,98";"Sem classificação";"Outros";"ESA"
"2024";"06 - Dia 12 - Dia 4";"[LE-GH] OP.APMBB.24 - LEMBRETE LIVE - TRÁFEGO - CBO [AGO.24]";"210,96";"Sem classificação";"Outros";"Barro Branco"
"2024";"05 - Dia 11 - Dia 3";"[LE-GH] OP.APMBB.24 - LEMBRETE LIVE - TRÁFEGO - CBO [AGO.24]";"158,27";"Sem classificação";"Outros";"Barro Branco"
"2024";"04 - Dia 10 - Dia 2";"[LE-GH] OP.APMBB.24 - LEMBRETE LIVE - TRÁFEGO - CBO [AGO.24]";"130,61";"Sem classificação";"Outros";"Barro Branco"
"2024";"02 - Faltam 2 dias";"[LE-GH] OP.APMBB.24 - LEMBRETE LIVE - TRÁFEGO - CBO [AGO.24]";"1339,88";"Sem classificação";"Outros";"Barro Branco"
"2024";"05 - LL (BR, 1%) [Site] Checkout-Full Barro Branco|180D";"[LE-GH] OP.APMBB.24 - CAPTAÇÃO - CADASTROS - CBO - PF [AGO.24]";"49,22";"Frio (PF)";"Captação (leads)";"Barro Branco"
"2024";"04 - Interesses - OP_APMBB24";"[LE-GH] OP.APMBB.24 - CAPTAÇÃO - CADASTROS - CBO - PF [AGO.24]";"187,22";"Frio (PF)";"Captação (leads)";"Barro Branco"
"2024";"01 - Faltam 4 dias";"[LE-GH] OP.APMBB.24 - LEMBRETE LIVE - TRÁFEGO - CBO [AGO.24]";"149,81";"Sem classificação";"Outros";"Barro Branco"
"2024";"01 -  IG - Envolvimento | 07D";"[LE-GH] PLANO.TRIPLICE.24 - CARRINHO ABERTO - VENDAS - CBO [AGO.24]";"358,96";"Quente (PQ)";"Vendas / perpétuo";"Tríplice (AFA/EFOMM/EN)"
"2024";"01 -  PageView - Full Tríplice | 30D";"[LE-GH] PLANO.TRIPLICE.24 - CARRINHO ABERTO - VENDAS - CBO [AGO.24]";"8,65";"Quente (PQ)";"Vendas / perpétuo";"Tríplice (AFA/EFOMM/EN)"
"2024";"00 - Lead - PLANO.TRIPLICE.24 [AGO.24] | 180D";"[LE-GH] PLANO.TRIPLICE.24 - CARRINHO ABERTO - VENDAS - CBO [AGO.24]";"27,65";"Sem classificação";"Vendas / perpétuo";"Tríplice (AFA/EFOMM/EN)"
"2024";"03 - É hoje";"[LE-GH] OP.APMBB.24 - LEMBRETE LIVE - TRÁFEGO - CBO [AGO.24]";"647,58";"Sem classificação";"Outros";"Barro Branco"
"2024";"00 - Faltam 5 dias";"[LE-GH] OP.APMBB.24 - LEMBRETE LIVE - TRÁFEGO - CBO [AGO.24]";"569,34";"Sem classificação";"Outros";"Barro Branco"
"2024";"00 - Faltam 2 dias";"[LE-GH] PLANO.TRIPLICE.24 - LEMBRETE LIVE - RECONHECIMENTO - CBO [AGO.24]";"14,46";"Sem classificação";"Outros";"Tríplice (AFA/EFOMM/EN)"
"2024";"02 - É hoje";"[LE-GH] PLANO.TRIPLICE.24 - LEMBRETE LIVE - RECONHECIMENTO - CBO [AGO.24]";"266,11";"Sem classificação";"Outros";"Tríplice (AFA/EFOMM/EN)"
"2024";"01 - É amanhã";"[LE-GH] PLANO.TRIPLICE.24 - LEMBRETE LIVE - RECONHECIMENTO - CBO [AGO.24]";"249,93";"Sem classificação";"Outros";"Tríplice (AFA/EFOMM/EN)"
"2024";"03 - Stories/Reels] Checkout e PageView, AFA, EN e EFOMM | 180D";"[LE-GH] PLANO.TRIPLICE.24 - CAPTAÇÃO - CADASTROS - CBO - PQ [AGO.24]";"2,42";"Quente (PQ)";"Captação (leads)";"Tríplice (AFA/EFOMM/EN)"
"2024";"03 - [Feed] Checkout e PageView, AFA, EN e EFOMM | 180D";"[LE-GH] PLANO.TRIPLICE.24 - CAPTAÇÃO - CADASTROS - CBO - PQ [AGO.24]";"1,36";"Quente (PQ)";"Captação (leads)";"Tríplice (AFA/EFOMM/EN)"
"2024";"03 - Dia 04 - PORTUGUÊS";"[LE-GH] ULT.EN.24 - LEMBRETE LIVE - RECONHECIMENTO - CBO - PQ [AGO.24]";"15,67";"Quente (PQ)";"Outros";"Escola Naval"
"2024";"02 - Dia 03 - MATEMÁTICA";"[LE-GH] ULT.EN.24 - LEMBRETE LIVE - RECONHECIMENTO - CBO - PQ [AGO.24]";"23,04";"Quente (PQ)";"Outros";"Escola Naval"
"2024";"00 - [Stories] LL  (BR, 1%) - [Site] PageView - AFA - EFOMM - EN | 180D";"[LE-GH] PLANO.TRIPLICE.24 - CAPTAÇÃO - CADASTROS - CBO - PF [AGO.24]";"571,89";"Frio (PF)";"Captação (leads)";"Tríplice (AFA/EFOMM/EN)"
"2024";"03 - [Feed] Interesses AFA - EFOMM - EN";"[LE-GH] PLANO.TRIPLICE.24 - CAPTAÇÃO - CADASTROS - CBO - PF [AGO.24]";"89,12";"Frio (PF)";"Captação (leads)";"Tríplice (AFA/EFOMM/EN)"
"2024";"01 - [Feed] Envolvimento IG | 30D";"[LE-GH] PLANO.TRIPLICE.24 - CAPTAÇÃO - CADASTROS - CBO - PQ [AGO.24]";"47,44";"Quente (PQ)";"Captação (leads)";"Tríplice (AFA/EFOMM/EN)"
"2024";"01 - [Stories/Reels] Envolvimento IG | 30D";"[LE-GH] PLANO.TRIPLICE.24 - CAPTAÇÃO - CADASTROS - CBO - PQ [AGO.24]";"109,58";"Quente (PQ)";"Captação (leads)";"Tríplice (AFA/EFOMM/EN)"
"2024";"00 - Stories/Reels] Envolvimento IG | 07D";"[LE-GH] PLANO.TRIPLICE.24 - CAPTAÇÃO - CADASTROS - CBO - PQ [AGO.24]";"608,11";"Quente (PQ)";"Captação (leads)";"Tríplice (AFA/EFOMM/EN)"
"2024";"00 - [Feed] Envolvimento IG | 07D";"[LE-GH] PLANO.TRIPLICE.24 - CAPTAÇÃO - CADASTROS - CBO - PQ [AGO.24]";"234,89";"Quente (PQ)";"Captação (leads)";"Tríplice (AFA/EFOMM/EN)"
"2024";"02 - [Stories/Reels] Envolvimento IG | 90D";"[LE-GH] PLANO.TRIPLICE.24 - CAPTAÇÃO - CADASTROS - CBO - PQ [AGO.24]";"98,65";"Quente (PQ)";"Captação (leads)";"Tríplice (AFA/EFOMM/EN)"
"2024";"02 -  [Feed] Envolvimento IG | 90";"[LE-GH] PLANO.TRIPLICE.24 - CAPTAÇÃO - CADASTROS - CBO - PQ [AGO.24]";"56,5";"Quente (PQ)";"Captação (leads)";"Tríplice (AFA/EFOMM/EN)"
"2024";"02 - [Feed] LL (BR, 1%) - Leads - OP.TRÍPLICE.23";"[LE-GH] PLANO.TRIPLICE.24 - CAPTAÇÃO - CADASTROS - CBO - PF [AGO.24]";"169,83";"Frio (PF)";"Captação (leads)";"Tríplice (AFA/EFOMM/EN)"
"2024";"01 - [Feed] LL (BR, 1%) [Site] Checkout - AFA - EFOMM - EN | 180D";"[LE-GH] PLANO.TRIPLICE.24 - CAPTAÇÃO - CADASTROS - CBO - PF [AGO.24]";"73,34";"Frio (PF)";"Captação (leads)";"Tríplice (AFA/EFOMM/EN)"
"2024";"01 - [Stories/Reels] LL (BR, 1%) [Site] Checkout - AFA - EFOMM - EN | 180D";"[LE-GH] PLANO.TRIPLICE.24 - CAPTAÇÃO - CADASTROS - CBO - PF [AGO.24]";"561,83";"Frio (PF)";"Captação (leads)";"Tríplice (AFA/EFOMM/EN)"
"2024";"03 - [Stories] Interesses AFA - EFOMM - EN";"[LE-GH] PLANO.TRIPLICE.24 - CAPTAÇÃO - CADASTROS - CBO - PF [AGO.24]";"708,4";"Frio (PF)";"Captação (leads)";"Tríplice (AFA/EFOMM/EN)"
"2024";"00 - [Feed] LL  (BR, 1%) - [Site] PageView - AFA - EFOMM - EN | 180D";"[LE-GH] PLANO.TRIPLICE.24 - CAPTAÇÃO - CADASTROS - CBO - PF [AGO.24]";"75,9";"Frio (PF)";"Captação (leads)";"Tríplice (AFA/EFOMM/EN)"
"2024";"02 - [Stories/Reels] LL (BR, 1%) - Leads - OP.TRÍPLICE.23";"[LE-GH] PLANO.TRIPLICE.24 - CAPTAÇÃO - CADASTROS - CBO - PF [AGO.24]";"238,17";"Frio (PF)";"Captação (leads)";"Tríplice (AFA/EFOMM/EN)"
"2024";"02 - [Feed] LL(BR, 1%) PageView - OP.APMBB.24 [AGO.24] | 180D";"[LE-GH] OP.APMBB.24 - CAPTAÇÃO - CADASTROS - CBO - PF [AGO.24]";"36,19";"Frio (PF)";"Captação (leads)";"Barro Branco"
"2024";"02 - [Stories/Reels] LL(BR, 1%) PageView - OP.APMBB.24 [AGO.24] | 180D";"[LE-GH] OP.APMBB.24 - CAPTAÇÃO - CADASTROS - CBO - PF [AGO.24]";"1324,77";"Frio (PF)";"Captação (leads)";"Barro Branco"
"2024";"03 - [ANTIGO] [Stories/Reels] LL (BR, 1%) Interesses - OP_APMBB24";"[LE-GH] OP.APMBB.24 - CAPTAÇÃO - CADASTROS - CBO - PF [AGO.24]";"3319,12";"Frio (PF)";"Captação (leads)";"Barro Branco"
"2024";"01 - [Feed] LL (BR, 1%) - [Site] PageView - APMBB | 180D";"[LE-GH] OP.APMBB.24 - CAPTAÇÃO - CADASTROS - CBO - PF [AGO.24]";"112,5";"Frio (PF)";"Captação (leads)";"Barro Branco"
"2024";"03 - [ANTIGO] [Feed] LL (BR, 1%) Interesses - OP_APMBB24";"[LE-GH] OP.APMBB.24 - CAPTAÇÃO - CADASTROS - CBO - PF [AGO.24]";"4018,67";"Frio (PF)";"Captação (leads)";"Barro Branco"
"2024";"00 - [Feed] LL (BR, 1%) [Site] Checkout - APMBB | 180D";"[LE-GH] OP.APMBB.24 - CAPTAÇÃO - CADASTROS - CBO - PF [AGO.24]";"224,17";"Frio (PF)";"Captação (leads)";"Barro Branco"
"2024";"00 - [Stories/Reels] LL (BR, 1%) [Site] Checkout - APMBB | 180D";"[LE-GH] OP.APMBB.24 - CAPTAÇÃO - CADASTROS - CBO - PF [AGO.24]";"352,31";"Frio (PF)";"Captação (leads)";"Barro Branco"
"2024";"01 - [Stories/Reels] LL (BR, 1%) - [Site] PageView - APMBB |180D";"[LE-GH] OP.APMBB.24 - CAPTAÇÃO - CADASTROS - CBO - PF [AGO.24]";"220,03";"Frio (PF)";"Captação (leads)";"Barro Branco"
"2024";"02 - [Stories/Reels] Envolvimento IG | 30D";"[LE-GH] OP.APMBB.24 - CAPTAÇÃO - CADASTROS - CBO - PQ [AGO.24]";"161,7";"Quente (PQ)";"Captação (leads)";"Barro Branco"
"2024";"00 - [Feed] PageView e Checkout APMBB | 180D";"[LE-GH] OP.APMBB.24 - CAPTAÇÃO - CADASTROS - CBO - PQ [AGO.24]";"9,08";"Quente (PQ)";"Captação (leads)";"Barro Branco"
"2024";"01 - [Feed] Envolvimento IG | 07D";"[LE-GH] OP.APMBB.24 - CAPTAÇÃO - CADASTROS - CBO - PQ [AGO.24]";"467,57";"Quente (PQ)";"Captação (leads)";"Barro Branco"
"2024";"02 -  [Feed] Envolvimento IG | 30D";"[LE-GH] OP.APMBB.24 - CAPTAÇÃO - CADASTROS - CBO - PQ [AGO.24]";"112,53";"Quente (PQ)";"Captação (leads)";"Barro Branco"
"2024";"01 - [Stories/Reels] Envolvimento IG | 07D";"[LE-GH] OP.APMBB.24 - CAPTAÇÃO - CADASTROS - CBO - PQ [AGO.24]";"874,44";"Quente (PQ)";"Captação (leads)";"Barro Branco"
"2024";"03 - [Feed] Envolvimento IG | 90D";"[LE-GH] OP.APMBB.24 - CAPTAÇÃO - CADASTROS - CBO - PQ [AGO.24]";"86,27";"Quente (PQ)";"Captação (leads)";"Barro Branco"
"2024";"03 - [Stories/Reels] Envolvimento IG | 90D";"[LE-GH] OP.APMBB.24 - CAPTAÇÃO - CADASTROS - CBO - PQ [AGO.24]";"105,51";"Quente (PQ)";"Captação (leads)";"Barro Branco"
"2024";"00 - [Stories/Reels] PageView e Checkout APMBB | 180D";"[LE-GH] OP.APMBB.24 - CAPTAÇÃO - CADASTROS - CBO - PQ [AGO.24]";"14";"Quente (PQ)";"Captação (leads)";"Barro Branco"
"2024";"01 - Envolvimento IG | 07D";"[LE-GH] ULT.EN.24 - CAPTAÇÃO LIVE - RECONHECIMENTO - CBO - PQ [AGO.24]";"165,97";"Quente (PQ)";"Captação (leads)";"Escola Naval"
"2024";"02 - Envolvimento IG | 30D";"[LE-GH] ULT.EN.24 - CAPTAÇÃO LIVE - RECONHECIMENTO - CBO - PQ [AGO.24]";"205,63";"Quente (PQ)";"Captação (leads)";"Escola Naval"
"2024";"Aula 02 - |V|Leads";"[LE-GH] ULT.AFA.24 - LEMBRETE - TRÁFEGO - CBO - PF+PQ [AGO.24]";"14,75";"Frio (PF)";"Outros";"AFA"
"2024";"Aula 03 - |V|Leads";"[LE-GH] ULT.AFA.24 - LEMBRETE - TRÁFEGO - CBO - PF+PQ [AGO.24]";"14,89";"Frio (PF)";"Outros";"AFA"
"2024";"É Hoje - |V|Leads";"[LE-GH] ULT.AFA.24 - LEMBRETE - TRÁFEGO - CBO - PF+PQ [AGO.24]";"34,94";"Frio (PF)";"Outros";"AFA"
"2024";"Aula 04 - |V|Leads";"[LE-GH] ULT.AFA.24 - LEMBRETE - TRÁFEGO - CBO - PF+PQ [AGO.24]";"14,57";"Frio (PF)";"Outros";"AFA"
"2024";"00 - Envolvimento IG | 07D";"[LE-GH] ULT.AFA.24 - CAPTAÇÃO - CADASTROS - CBO - PQ [AGO.24]";"132,7";"Quente (PQ)";"Captação (leads)";"AFA"
"2024";"01 - Envolvimento IG | 30D";"[LE-GH] ULT.AFA.24 - CAPTAÇÃO - CADASTROS - CBO - PQ [AGO.24]";"59,18";"Quente (PQ)";"Captação (leads)";"AFA"
"2024";"03 - [Site] PageView - AFA | 180D";"[LE-GH] ULT.AFA.24 - CAPTAÇÃO - CADASTROS - CBO - PQ [AGO.24]";"0,17";"Quente (PQ)";"Captação (leads)";"AFA"
"2024";"01 - LL (BR, 1%) [Site] Checkout - AFA | 180D";"[LE-GH] ULT.AFA.24 - CAPTAÇÃO - CADASTROS - CBO - PF [AGO.24]";"22,1";"Frio (PF)";"Captação (leads)";"AFA"
"2024";"00 - LL (BR, 1%) [Site] PageView - AFA | 180D";"[LE-GH] ULT.AFA.24 - CAPTAÇÃO - CADASTROS - CBO - PF [AGO.24]";"167,26";"Frio (PF)";"Captação (leads)";"AFA"
"2024";"Aula 04 - |V|Leads";"[LE-GH] ULT.APMBB.24 - LEMBRETE - TRÁFEGO - CBO - PF+PQ [AGO.24]";"93,32";"Frio (PF)";"Outros";"Barro Branco"
"2024";"Faltam 02 - |V|Leads";"[LE-GH] ULT.APMBB.24 - LEMBRETE - TRÁFEGO - CBO - PF+PQ [AGO.24]";"18,05";"Frio (PF)";"Outros";"Barro Branco"
"2024";"É Amanhã - |V|Leads";"[LE-GH] ULT.APMBB.24 - LEMBRETE - TRÁFEGO - CBO - PF+PQ [AGO.24]";"30,03";"Frio (PF)";"Outros";"Barro Branco"
"2024";"É Hoje - |V|Leads";"[LE-GH] ULT.APMBB.24 - LEMBRETE - TRÁFEGO - CBO - PF+PQ [AGO.24]";"42,92";"Frio (PF)";"Outros";"Barro Branco"
"2024";"Aula 03 - |V|Leads";"[LE-GH] ULT.APMBB.24 - LEMBRETE - TRÁFEGO - CBO - PF+PQ [AGO.24]";"82,2";"Frio (PF)";"Outros";"Barro Branco"
"2024";"Aula 02 - |V|Leads";"[LE-GH] ULT.APMBB.24 - LEMBRETE - TRÁFEGO - CBO - PF+PQ [AGO.24]";"27,41";"Frio (PF)";"Outros";"Barro Branco"
"2024";"01 - [Stories/Reels] LL (BR, 1%) - [Site] PageView - APMBB | 90D";"[LE-GH] ULT.APMBB.24 - CAPTAÇÃO - CADASTROS - CBO - PF [JUL.24]";"36,22";"Frio (PF)";"Captação (leads)";"Barro Branco"
"2024";"04 - [Stories/Reels] LL (BR, 1%)I nteresses - OP_APMBB23";"[LE-GH] ULT.APMBB.24 - CAPTAÇÃO - CADASTROS - CBO - PF [JUL.24]";"944,04";"Frio (PF)";"Captação (leads)";"Barro Branco"
"2024";"00 - [Feed] LL (BR, 1%) [Site] Checkout - APMBB | 180D";"[LE-GH] ULT.APMBB.24 - CAPTAÇÃO - CADASTROS - CBO - PF [JUL.24]";"130,31";"Frio (PF)";"Captação (leads)";"Barro Branco"
"2024";"00 - [Stories/Reels] LL (BR, 1%) [Site] Checkout - APMBB | 180D";"[LE-GH] ULT.APMBB.24 - CAPTAÇÃO - CADASTROS - CBO - PF [JUL.24]";"27,62";"Frio (PF)";"Captação (leads)";"Barro Branco"
"2024";"01 - [Feed] LL (BR, 1%) - [Site] PageView - APMBB | 90D";"[LE-GH] ULT.APMBB.24 - CAPTAÇÃO - CADASTROS - CBO - PF [JUL.24]";"27,16";"Frio (PF)";"Captação (leads)";"Barro Branco"
"2024";"04 - [Feed] LL (BR, 1%) Interesses - OP_APMBB23";"[LE-GH] ULT.APMBB.24 - CAPTAÇÃO - CADASTROS - CBO - PF [JUL.24]";"169,32";"Frio (PF)";"Captação (leads)";"Barro Branco"
"2024";"00 - [Stories/Reels] PageView APMBB | 90D";"[LE-GH] ULT.APMBB.24 - CAPTAÇÃO - CADASTROS - CBO - PQ [JUL.24]";"6,65";"Quente (PQ)";"Captação (leads)";"Barro Branco"
"2024";"03 - [Stories/Reels] Envolvimento IG | 30D";"[LE-GH] ULT.APMBB.24 - CAPTAÇÃO - CADASTROS - CBO - PQ [JUL.24]";"56,36";"Quente (PQ)";"Captação (leads)";"Barro Branco"
"2024";"00 - [Feed] PageView APMBB | 90D";"[LE-GH] ULT.APMBB.24 - CAPTAÇÃO - CADASTROS - CBO - PQ [JUL.24]";"8,17";"Quente (PQ)";"Captação (leads)";"Barro Branco"
"2024";"02 - [Feed] Envolvimento IG | 14D";"[LE-GH] ULT.APMBB.24 - CAPTAÇÃO - CADASTROS - CBO - PQ [JUL.24]";"55,63";"Quente (PQ)";"Captação (leads)";"Barro Branco"
"2024";"03 -  [Feed] Envolvimento IG | 30D";"[LE-GH] ULT.APMBB.24 - CAPTAÇÃO - CADASTROS - CBO - PQ [JUL.24]";"53,61";"Quente (PQ)";"Captação (leads)";"Barro Branco"
"2024";"01 - [Stories/Reels] Envolvimento IG | 07D";"[LE-GH] ULT.APMBB.24 - CAPTAÇÃO - CADASTROS - CBO - PQ [JUL.24]";"563,97";"Quente (PQ)";"Captação (leads)";"Barro Branco"
"2024";"01 - [Feed] Envolvimento IG | 07D";"[LE-GH] ULT.APMBB.24 - CAPTAÇÃO - CADASTROS - CBO - PQ [JUL.24]";"532,58";"Quente (PQ)";"Captação (leads)";"Barro Branco"
"2024";"02 - [Stories/Reels] Envolvimento IG | 14D";"[LE-GH] ULT.APMBB.24 - CAPTAÇÃO - CADASTROS - CBO - PQ [JUL.24]";"48,37";"Quente (PQ)";"Captação (leads)";"Barro Branco"
"2024";"01 - Dia 04 - Matemática";"[LE-GH] ULT.EFOMM.24 - LEMBRETE LIVE - RECONHECIMENTO - CBO - PQ [JUL.24]";"86,61";"Quente (PQ)";"Outros";"EFOMM"
"2024";"00 - Começa semana que vem";"[LE-GH] ULT.CN.24 - LEMBRETE LIVE - RECONHECIMENTO - CBO - PQ [JUL.24]";"408,9";"Quente (PQ)";"Outros";"Outros / matérias"
"2024";"02 - LL (BR, 1%) - [Site] PageView - Full ESA | 180D";"[LE-GH] RFESA.24 - CAPTAÇÃO LIVE - RECONHECIMENTO - CBO [JUL.24]";"674,53";"Frio (PF)";"Captação (leads)";"Outros / matérias"
"2024";"01 - Envolvimento IG | 07D";"[LE-GH] RFESA.24 - CAPTAÇÃO LIVE - RECONHECIMENTO - CBO [JUL.24]";"233,27";"Quente (PQ)";"Captação (leads)";"Outros / matérias"
"2024";"00 - PageView Full ESA | 180D";"[LE-GH] RFESA.24 - CAPTAÇÃO LIVE - RECONHECIMENTO - CBO [JUL.24]";"39,34";"Quente (PQ)";"Captação (leads)";"Outros / matérias"
"2024";"02 - Ultimato Epcar já está acontecendo";"[LE-GH] ULT.EPCAR.24 - LEMBRETE LIVE - RECONHECIMENTO - CBO - PQ [JUL.24]";"47,64";"Quente (PQ)";"Outros";"EPCAr"
"2024";"02 - Envolvimento IG | 30D";"[LE-GH] ULT.EPCAR.24 - CAPTAÇÃO LIVE - ENGAJAMENTO - CBO - PQ [JUL.24]";"43,2";"Quente (PQ)";"Captação (leads)";"EPCAr"
"2024";"01 - Envolvimento IG | 07D";"[LE-GH] ULT.EPCAR.24 - CAPTAÇÃO LIVE - ENGAJAMENTO - CBO - PQ [JUL.24]";"46,2";"Quente (PQ)";"Captação (leads)";"EPCAr"
"2024";"01 - AdE - É amanhã";"[LE-GH] ULT.EPCAR.24 - LEMBRETE LIVE - RECONHECIMENTO - CBO - PQ [JUL.24]";"25,8";"Quente (PQ)";"Outros";"EPCAr"
"2024";"00 - AdE - Faltam 2 dias";"[LE-GH] ULT.EPCAR.24 - LEMBRETE LIVE - RECONHECIMENTO - CBO - PQ [JUL.24]";"10,18";"Quente (PQ)";"Outros";"EPCAr"
"2024";"02 - LL (BR, 1%) - [Site] PageView - Full ESA | 180D";"[LE-GH] RFESA.24 - CAPTAÇÃO LIVE - ENGAJAMENTO - CBO [JUL.24]";"874,69";"Frio (PF)";"Captação (leads)";"Outros / matérias"
"2024";"01 - Envolvimento IG | 07D";"[LE-GH] RFESA.24 - CAPTAÇÃO LIVE - ENGAJAMENTO - CBO [JUL.24]";"44,87";"Quente (PQ)";"Captação (leads)";"Outros / matérias"
"2024";"00 - PageView Full ESA | 180D";"[LE-GH] RFESA.24 - CAPTAÇÃO LIVE - ENGAJAMENTO - CBO [JUL.24]";"152,03";"Quente (PQ)";"Captação (leads)";"Outros / matérias"
"2024";"01 - LL (BR, 1%) - [Site] Checkout - Full EFOMM | 180D";"[LE-GH] ULT.EFOMM.24 - CAPTAÇÃO - CADASTROS - CBO - PF [JUL.24]";"102,06";"Frio (PF)";"Captação (leads)";"EFOMM"
"2024";"00 - LL(BR, 1%) PageView - ULT.EFOMM.24 [JUL.24] | 180D";"[LE-GH] ULT.EFOMM.24 - CAPTAÇÃO - CADASTROS - CBO - PF [JUL.24]";"227,49";"Frio (PF)";"Captação (leads)";"EFOMM"
"2024";"02 - Envolvimento IG | 30D";"[LE-GH] ULT.EFOMM.24 - CAPTAÇÃO - CADASTROS - CBO - PQ [JUL.24]";"77,71";"Quente (PQ)";"Captação (leads)";"EFOMM"
"2024";"00 - PageView Full EFOMM | 180D";"[LE-GH] ULT.EFOMM.24 - CAPTAÇÃO - CADASTROS - CBO - PQ [JUL.24]";"0,09";"Quente (PQ)";"Captação (leads)";"EFOMM"
"2024";"01 - Envolvimento IG | 07D";"[LE-GH] ULT.EFOMM.24 - CAPTAÇÃO - CADASTROS - CBO - PQ [JUL.24]";"236,43";"Quente (PQ)";"Captação (leads)";"EFOMM"
"2024";"02 - IG - Envolvimento | 07D";"[LE-GH] ULT.EEAR.24 - LEMBRETE - RECONHECIMENTO - CBO [JUL.24]";"306,97";"Quente (PQ)";"Outros";"EEAr"
"2024";"01 - PageView - Geral | 90D";"[LE-GH] ULT.EEAR.24 - LEMBRETE - RECONHECIMENTO - CBO [JUL.24]";"19,62";"Quente (PQ)";"Outros";"EEAr"
"2024";"04 - Lista Leads Active Campaing - Jun.24";"[LE-GH] ANIVERSÁRIOTM.24 - CONVERSÃO - CBO [MAI.24]";"1,05";"Quente (PQ)";"Vendas / perpétuo";"Outros / matérias"
"2024";"03 - Envolvimento IG | 60D";"[LE-GH] ANIVERSÁRIOTM.24 - CONVERSÃO - CBO [MAI.24]";"18,99";"Quente (PQ)";"Vendas / perpétuo";"Outros / matérias"
"2024";"00 - Envolvimento IG | 07D";"[LE-GH] ANIVERSÁRIOTM.24 - CONVERSÃO - CBO [MAI.24]";"532,74";"Quente (PQ)";"Vendas / perpétuo";"Outros / matérias"
"2024";"05 -  Site_Home | 90D";"[LE-GH] ANIVERSÁRIOTM.24 - CONVERSÃO - CBO [MAI.24]";"83,58";"Sem classificação";"Vendas / perpétuo";"Outros / matérias"
"2024";"06 -  Checkout Geral | 90D";"[LE-GH] ANIVERSÁRIOTM.24 - CONVERSÃO - CBO [MAI.24]";"50,39";"Quente (PQ)";"Vendas / perpétuo";"Outros / matérias"
"2024";"02 - Envolvimento IG | 30D";"[LE-GH] ANIVERSÁRIOTM.24 - CONVERSÃO - CBO [MAI.24]";"23,6";"Quente (PQ)";"Vendas / perpétuo";"Outros / matérias"
"2024";"01 - Envolvimento IG | 14D";"[LE-GH] ANIVERSÁRIOTM.24 - CONVERSÃO - CBO [MAI.24]";"13,23";"Quente (PQ)";"Vendas / perpétuo";"Outros / matérias"
"2024";"É AMANHÃ - |V|Envolvimento IG | 90D";"[LE-GH] ANIVERSÁRIOTM.24 - TRÁFEGO - ABO [MAI.24]";"400";"Quente (PQ)";"Outros";"Outros / matérias"
"2024";"É HOJE  - |V|Envolvimento IG | 90D";"[LE-GH] ANIVERSÁRIOTM.24 - TRÁFEGO - ABO [MAI.24]";"400";"Quente (PQ)";"Outros";"Outros / matérias"
"2024";"FALTAM 02 - |V|Envolvimento IG | 90D";"[LE-GH] ANIVERSÁRIOTM.24 - TRÁFEGO - ABO [MAI.24]";"398,87";"Quente (PQ)";"Outros";"Outros / matérias"
"2024";"02 - Envolvimento IG | 14D";"[LE-GH] ANIVERSÁRIOTM.24 - RECONHECIMENTO - CBO [MAI.24]";"213,54";"Quente (PQ)";"Outros";"Outros / matérias"
"2024";"04 - Envolvimento IG | 60D";"[LE-GH] ANIVERSÁRIOTM.24 - RECONHECIMENTO - CBO [MAI.24]";"446,85";"Quente (PQ)";"Outros";"Outros / matérias"
"2024";"01 - Envolvimento IG | 07D";"[LE-GH] ANIVERSÁRIOTM.24 - RECONHECIMENTO - CBO [MAI.24]";"477,47";"Quente (PQ)";"Outros";"Outros / matérias"
"2024";"00 - Lista Leads Active Campaing - Maio_23";"[LE-GH] ANIVERSÁRIOTM.24 - RECONHECIMENTO - CBO [MAI.24]";"16,06";"Quente (PQ)";"Outros";"Outros / matérias"
"2024";"05- Envolvimento IG | 90D";"[LE-GH] ANIVERSÁRIOTM.24 - RECONHECIMENTO - CBO [MAI.24]";"310,06";"Quente (PQ)";"Outros";"Outros / matérias"
"2024";"07 -  Site_Home | 90D";"[LE-GH] ANIVERSÁRIOTM.24 - RECONHECIMENTO - CBO [MAI.24]";"38,68";"Sem classificação";"Outros";"Outros / matérias"
"2024";"06 -  Checkout Geral | 90D";"[LE-GH] ANIVERSÁRIOTM.24 - RECONHECIMENTO - CBO [MAI.24]";"4,43";"Quente (PQ)";"Outros";"Outros / matérias"
"2024";"03 - Envolvimento IG | 30D";"[LE-GH] ANIVERSÁRIOTM.24 - RECONHECIMENTO - CBO [MAI.24]";"443,49";"Quente (PQ)";"Outros";"Outros / matérias"
"2024";"05 - [AUTO] BASE TM";"[LE-GH] VENDA - CARRINHO ABERTO - P.VIDA.24";"187,07";"Sem classificação";"Vendas / perpétuo";"Projeto de Vida"
"2024";"02 - [AUTO] Envolvimento IG | 30D";"[LE-GH] VENDA - CARRINHO ABERTO - P.VIDA.24";"3,35";"Quente (PQ)";"Vendas / perpétuo";"Projeto de Vida"
"2024";"04 - [AUTO] LEADS - P.VIDA.24";"[LE-GH] VENDA - CARRINHO ABERTO - P.VIDA.24";"2,75";"Sem classificação";"Vendas / perpétuo";"Projeto de Vida"
"2024";"00 - [AUTO] Envolvimento IG | 07D";"[LE-GH] VENDA - CARRINHO ABERTO - P.VIDA.24";"103,03";"Quente (PQ)";"Vendas / perpétuo";"Projeto de Vida"
"2024";"01 - [AUTO] Envolvimento IG | 14D";"[LE-GH] VENDA - CARRINHO ABERTO - P.VIDA.24";"1,65";"Quente (PQ)";"Vendas / perpétuo";"Projeto de Vida"
"2024";"03 - [AUTO] Site Home | 30D";"[LE-GH] VENDA - CARRINHO ABERTO - P.VIDA.24";"6,31";"Sem classificação";"Vendas / perpétuo";"Projeto de Vida"
"2024";"07- [AUTO] Envolvimento IG + leads | 07D - AULA 04";"[LE-GH] LEMBRETE - ALCANCE - P.VIDA.24";"50";"Quente (PQ)";"Engajamento / conteúdo";"Projeto de Vida"
"2024";"06- [AUTO] Envolvimento IG + leads | 07D - AULA 03";"[LE-GH] LEMBRETE - ALCANCE - P.VIDA.24";"50";"Quente (PQ)";"Engajamento / conteúdo";"Projeto de Vida"
"2024";"05- [AUTO] Envolvimento IG + leads | 07D - AULA 02";"[LE-GH] LEMBRETE - ALCANCE - P.VIDA.24";"50";"Quente (PQ)";"Engajamento / conteúdo";"Projeto de Vida"
"2024";"04- [AUTO] Envolvimento IG + leads | 07D - É HOJE";"[LE-GH] LEMBRETE - ALCANCE - P.VIDA.24";"99";"Quente (PQ)";"Engajamento / conteúdo";"Projeto de Vida"
"2024";"03 - [AUTO] Envolvimento IG + leads | 07D - É AMANHÃ";"[LE-GH] LEMBRETE - ALCANCE - P.VIDA.24";"99,1";"Quente (PQ)";"Engajamento / conteúdo";"Projeto de Vida"
"2024";"02 - [AUTO] Envolvimento IG + leads | 07D - FALTAM 2 dias";"[LE-GH] LEMBRETE - ALCANCE - P.VIDA.24";"49,97";"Quente (PQ)";"Engajamento / conteúdo";"Projeto de Vida"
"2024";"01 - [AUTO] Envolvimento IG + leads | 07D - Começa Semana que vem";"[LE-GH] LEMBRETE - ALCANCE - P.VIDA.24";"93,61";"Quente (PQ)";"Engajamento / conteúdo";"Projeto de Vida"
"2024";"02 - [Feed] Envolvimento IG | 07D";"[LE-GH] CAPTAÇÃO - LEAD - P.VIDA.24 - PQ";"43,62";"Quente (PQ)";"Captação (leads)";"Projeto de Vida"
"2024";"02 - Stories/Reels] Envolvimento IG | 07D";"[LE-GH] CAPTAÇÃO - LEAD - P.VIDA.24 - PQ";"1319,52";"Quente (PQ)";"Captação (leads)";"Projeto de Vida"
"2024";"03 - [Stories/Reels] Envolvimento IG | 30D";"[LE-GH] CAPTAÇÃO - LEAD - P.VIDA.24 - PQ";"44,12";"Quente (PQ)";"Captação (leads)";"Projeto de Vida"
"2024";"01 - [Feed] [Site] [PageView TM] | 180D";"[LE-GH] CAPTAÇÃO - LEAD - P.VIDA.24 - PQ";"5,03";"Quente (PQ)";"Captação (leads)";"Projeto de Vida"
"2024";"00 - [Stories/Reels] Lista alunos TM (Active e Hotmart) | 2022-2024";"[LE-GH] CAPTAÇÃO - LEAD - P.VIDA.24 - PQ";"26,76";"Quente (PQ)";"Captação (leads)";"Projeto de Vida"
"2024";"00 - [Stories/Reels] LL (BR, 1%) [Site] Compra | 90D";"[LE-GH] CAPTAÇÃO - LEAD - P.VIDA.24 - PF";"256,89";"Frio (PF)";"Captação (leads)";"Projeto de Vida"
"2024";"04 -  [Feed] Envolvimento IG | 60/180D";"[LE-GH] CAPTAÇÃO - LEAD - P.VIDA.24 - PQ";"20,72";"Quente (PQ)";"Captação (leads)";"Projeto de Vida"
"2024";"00 - [Feed] Lista alunos TM (Active e Hotmart) | 2022-2024";"[LE-GH] CAPTAÇÃO - LEAD - P.VIDA.24 - PQ";"3,49";"Quente (PQ)";"Captação (leads)";"Projeto de Vida"
"2024";"01 - [Stories/Reels [Site] [PageView TM] | 180D";"[LE-GH] CAPTAÇÃO - LEAD - P.VIDA.24 - PQ";"5,8";"Quente (PQ)";"Captação (leads)";"Projeto de Vida"
"2024";"04 - [Stories/Reels] Envolvimento IG | 60/180D";"[LE-GH] CAPTAÇÃO - LEAD - P.VIDA.24 - PQ";"12,09";"Quente (PQ)";"Captação (leads)";"Projeto de Vida"
"2024";"03 - [Feed] Envolvimento IG | 30D";"[LE-GH] CAPTAÇÃO - LEAD - P.VIDA.24 - PQ";"8,42";"Quente (PQ)";"Captação (leads)";"Projeto de Vida"
"2024";"00 - [Feed] LL (BR,1%) [Site] Compra | 90D";"[LE-GH] CAPTAÇÃO - LEAD - P.VIDA.24 - PF";"11,25";"Frio (PF)";"Captação (leads)";"Projeto de Vida"
"2024";"Instagram Post";"Publicação do Instagram: Estudo livre";"599,98";"Sem classificação";"Outros";"Outros / matérias"
"2024";"02 - Envolvimento IG | 30D";"[LE-GH] PP - ESA - CONVERSÃO - CBO [MAR.24]";"435,32";"Quente (PQ)";"Vendas / perpétuo";"ESA"
"2024";"03 - PageView ESA | 180D";"[LE-GH] PP - ESA - CONVERSÃO - CBO [MAR.24]";"476,65";"Quente (PQ)";"Vendas / perpétuo";"ESA"
"2024";"04 - Assisitr 50%  | 30D - HOT";"[LE-GH] PP - ESA - CONVERSÃO - CBO [MAR.24]";"0,09";"Sem classificação";"Vendas / perpétuo";"ESA"
"2024";"01 - Envolvimento IG | 14D";"[LE-GH] PP - ESA - CONVERSÃO - CBO [MAR.24]";"853,95";"Quente (PQ)";"Vendas / perpétuo";"ESA"
"2024";"00 - Envolvimento IG | 07D";"[LE-GH] PP - ESA - CONVERSÃO - CBO [MAR.24]";"4491,66";"Quente (PQ)";"Vendas / perpétuo";"ESA"
"2024";"00 - Envolvimento IG | 07D";"[LE-GH] PP - ESPCEX - CONVERSÃO - CBO - PQ [MAR.24]";"5852,2";"Quente (PQ)";"Vendas / perpétuo";"EsPCEx"
"2024";"01 - Envolvimento IG | 14D";"[LE-GH] PP - ESPCEX - CONVERSÃO - CBO - PQ [MAR.24]";"907,07";"Quente (PQ)";"Vendas / perpétuo";"EsPCEx"
"2024";"02 - Envolvimento IG | 30D";"[LE-GH] PP - ESPCEX - CONVERSÃO - CBO - PQ [MAR.24]";"507,6";"Quente (PQ)";"Vendas / perpétuo";"EsPCEx"
"2024";"03 - PageView Home | 30D";"[LE-GH] PP - ESPCEX - CONVERSÃO - CBO - PQ [MAR.24]";"1131,88";"Quente (PQ)";"Vendas / perpétuo";"EsPCEx"
"2024";"00 - Checkout TM Full EsPCEx | 90D - HOT";"[LE-GH] PP - ESPCEX - REMARKETING - CBO [MAR.24]";"25,39";"Quente (PQ)";"Vendas / perpétuo";"EsPCEx"
"2024";"04 - Assisitr 50% Rel_ADV_008, Rel_ADV_009 | 30D - HOT";"[LE-GH] PP - ESPCEX - CONVERSÃO - CBO - PQ [MAR.24]";"1206,17";"Quente (PQ)";"Vendas / perpétuo";"EsPCEx"
"2024";"03 - Envolvimento IG | 30D - WARN";"[LE-GH] PP - ESPCEX - RELACIONAMENTO - CBO [MAR.24]";"2581,7";"Quente (PQ)";"Vendas / perpétuo";"EsPCEx"
"2024";"01 - PageView Páginas e Site EsPCEx | 180D - HOT";"[LE-GH] PP - ESPCEX - RELACIONAMENTO - CBO [MAR.24]";"35,13";"Quente (PQ)";"Vendas / perpétuo";"EsPCEx"
"2024";"02 - Envolvimento IG | 07D - WARN";"[LE-GH] PP - ESPCEX - RELACIONAMENTO - CBO [MAR.24]";"1612,91";"Quente (PQ)";"Vendas / perpétuo";"EsPCEx"
"2024";"00 - Assistir 50% Desc_ADV_001, Desc_ADV_002, Desc_ADV_003 | 30D - WARN";"[LE-GH] PP - ESPCEX - RELACIONAMENTO - CBO [MAR.24]";"1455,91";"Sem classificação";"Vendas / perpétuo";"EsPCEx"
"2024";"01 - LL (BR, 1%) Leads Active - OP.ESPCEX.24 - LOW COLD";"[LE-GH] PP - ESPCEX - DESCOBERTA - CBO [MAR.24]";"242,77";"Frio (PF)";"Vendas / perpétuo";"EsPCEx"
"2024";"00 - LL (BR, 1%) Alunos Active - TM Full EsPCEx 2023 - LOW COLD";"[LE-GH] PP - ESPCEX - DESCOBERTA - CBO [MAR.24]";"2535,77";"Frio (PF)";"Vendas / perpétuo";"EsPCEx"
"2024";"02 - LL (BR, 1%) IG - Envolvimento | 90D - LOW COLD";"[LE-GH] PP - ESPCEX - DESCOBERTA - CBO [MAR.24]";"75,5";"Frio (PF)";"Vendas / perpétuo";"EsPCEx"
"2024";"03 - Interesses EsPCEx - COLD";"[LE-GH] PP - ESPCEX - DESCOBERTA - CBO [MAR.24]";"41,89";"Frio (PF)";"Vendas / perpétuo";"EsPCEx"
"2024";"05 - [Feed] Checkout EsPCEx | 90D";"[LE-GH] VENDA - CARRINHO ABERTO - PLANO.ESPCEX.24";"2,35";"Quente (PQ)";"Vendas / perpétuo";"EsPCEx"
"2024";"04 - [Stories/Reels] LEADS - PLANO.ESPCEX.24";"[LE-GH] VENDA - CARRINHO ABERTO - PLANO.ESPCEX.24";"235,67";"Sem classificação";"Vendas / perpétuo";"EsPCEx"
"2024";"01 - [Feed] Envolvimento IG | 14D";"[LE-GH] VENDA - CARRINHO ABERTO - PLANO.ESPCEX.24";"4,14";"Quente (PQ)";"Vendas / perpétuo";"EsPCEx"
"2024";"00 - [Feed] Envolvimento IG | 07D";"[LE-GH] VENDA - CARRINHO ABERTO - PLANO.ESPCEX.24";"6,53";"Quente (PQ)";"Vendas / perpétuo";"EsPCEx"
"2024";"04 - [Feed] LEADS - PLANO.ESPCEX.24";"[LE-GH] VENDA - CARRINHO ABERTO - PLANO.ESPCEX.24";"194,62";"Sem classificação";"Vendas / perpétuo";"EsPCEx"
"2024";"00 - [Stories/Reels] Envolvimento IG | 07D";"[LE-GH] VENDA - CARRINHO ABERTO - PLANO.ESPCEX.24";"10,94";"Quente (PQ)";"Vendas / perpétuo";"EsPCEx"
"2024";"02 - [Feed] Envolvimento IG | 30D";"[LE-GH] VENDA - CARRINHO ABERTO - PLANO.ESPCEX.24";"13,19";"Quente (PQ)";"Vendas / perpétuo";"EsPCEx"
"2024";"03 - [Stories/Reels] Site Home | 30D";"[LE-GH] VENDA - CARRINHO ABERTO - PLANO.ESPCEX.24";"7,02";"Sem classificação";"Vendas / perpétuo";"EsPCEx"
"2024";"02 - [Stories/Reels] Envolvimento IG | 30D";"[LE-GH] VENDA - CARRINHO ABERTO - PLANO.ESPCEX.24";"13,86";"Quente (PQ)";"Vendas / perpétuo";"EsPCEx"
"2024";"01 - [Stories/Reels] Envolvimento IG | 14D";"[LE-GH] VENDA - CARRINHO ABERTO - PLANO.ESPCEX.24";"2,69";"Quente (PQ)";"Vendas / perpétuo";"EsPCEx"
"2024";"03 - [Feed] Site Home | 30D";"[LE-GH] VENDA - CARRINHO ABERTO - PLANO.ESPCEX.24";"15,13";"Sem classificação";"Vendas / perpétuo";"EsPCEx"
"2024";"05 - [Stories/Reels] Checkout EsPCEx | 90D";"[LE-GH] VENDA - CARRINHO ABERTO - PLANO.ESPCEX.24";"2,54";"Quente (PQ)";"Vendas / perpétuo";"EsPCEx"
"2024";"02 - [Stories/Reels] Envolvimento IG + leads | 07D [faltam 2 dias]";"[LE-GH] LEMBRETE - ALCANCE - PLANO.ESPCEX.24";"25";"Quente (PQ)";"Engajamento / conteúdo";"EsPCEx"
"2024";"01 - [Feed] Envolvimento IG + leads | 07D [faltam 3 dias]";"[LE-GH] LEMBRETE - ALCANCE - PLANO.ESPCEX.24";"25";"Quente (PQ)";"Engajamento / conteúdo";"EsPCEx"
"2024";"02 - [Feed] Envolvimento IG + leads | 07D [faltam 2 dias]";"[LE-GH] LEMBRETE - ALCANCE - PLANO.ESPCEX.24";"25";"Quente (PQ)";"Engajamento / conteúdo";"EsPCEx"
"2024";"01 - [Stories/Reels] Envolvimento IG + leads | 07D [faltam 3 dias]";"[LE-GH] LEMBRETE - ALCANCE - PLANO.ESPCEX.24";"25";"Quente (PQ)";"Engajamento / conteúdo";"EsPCEx"
"2024";"04 - [Feed] Envolvimento IG + leads | 07D [é hoje]";"[LE-GH] LEMBRETE - ALCANCE - PLANO.ESPCEX.24";"99,26";"Quente (PQ)";"Engajamento / conteúdo";"EsPCEx"
"2024";"04 - [Stories/Reels] Envolvimento IG + leads | 07D [é hoje]";"[LE-GH] LEMBRETE - ALCANCE - PLANO.ESPCEX.24";"98,12";"Quente (PQ)";"Engajamento / conteúdo";"EsPCEx"
"2024";"03 - [Stories/Reels] Envolvimento IG + leads | 07D [é amanhã]";"[LE-GH] LEMBRETE - ALCANCE - PLANO.ESPCEX.24";"25";"Quente (PQ)";"Engajamento / conteúdo";"EsPCEx"
"2024";"00 - [Feed] Envolvimento IG + leads | 07D [semana que vem]";"[LE-GH] LEMBRETE - ALCANCE - PLANO.ESPCEX.24";"99,89";"Quente (PQ)";"Engajamento / conteúdo";"EsPCEx"
"2024";"00 - [Stories/Reels] Envolvimento IG + leads | 07D [semana que vem]";"[LE-GH] LEMBRETE - ALCANCE - PLANO.ESPCEX.24";"95,75";"Quente (PQ)";"Engajamento / conteúdo";"EsPCEx"
"2024";"03 - [Feed] Envolvimento IG + leads | 07D [é amanhã]";"[LE-GH] LEMBRETE - ALCANCE - PLANO.ESPCEX.24";"25";"Quente (PQ)";"Engajamento / conteúdo";"EsPCEx"
"2024";"00 - [Stories/Reels] Lista Active";"[LE-GH] CAPTAÇÃO - LEAD - PLANO.ESPCEX.24 - PQ";"3,09";"Quente (PQ)";"Captação (leads)";"EsPCEx"
"2024";"01 - [Feed] [Site] PageView Site | 90D";"[LE-GH] CAPTAÇÃO - LEAD - PLANO.ESPCEX.24 - PQ";"0,57";"Quente (PQ)";"Captação (leads)";"EsPCEx"
"2024";"03 - [Feed] Envolvimento IG | 14D";"[LE-GH] CAPTAÇÃO - LEAD - PLANO.ESPCEX.24 - PQ";"46,88";"Quente (PQ)";"Captação (leads)";"EsPCEx"
"2024";"04 -  [Feed] Envolvimento IG | 30";"[LE-GH] CAPTAÇÃO - LEAD - PLANO.ESPCEX.24 - PQ";"49,94";"Quente (PQ)";"Captação (leads)";"EsPCEx"
"2024";"02 - Stories/Reels] Envolvimento IG | 07D";"[LE-GH] CAPTAÇÃO - LEAD - PLANO.ESPCEX.24 - PQ";"447,65";"Quente (PQ)";"Captação (leads)";"EsPCEx"
"2024";"03 - [Stories/Reels] Envolvimento IG | 14D";"[LE-GH] CAPTAÇÃO - LEAD - PLANO.ESPCEX.24 - PQ";"60,4";"Quente (PQ)";"Captação (leads)";"EsPCEx"
"2024";"04 - [Stories/Reels] Envolvimento IG | 30D";"[LE-GH] CAPTAÇÃO - LEAD - PLANO.ESPCEX.24 - PQ";"63,54";"Quente (PQ)";"Captação (leads)";"EsPCEx"
"2024";"02 - [Feed] Envolvimento IG | 07D";"[LE-GH] CAPTAÇÃO - LEAD - PLANO.ESPCEX.24 - PQ";"261,87";"Quente (PQ)";"Captação (leads)";"EsPCEx"
"2024";"00 - [Feed] Lista Active";"[LE-GH] CAPTAÇÃO - LEAD - PLANO.ESPCEX.24 - PQ";"3,79";"Quente (PQ)";"Captação (leads)";"EsPCEx"
"2024";"01 - [Stories/Reels [Site] PageView Site | 90D";"[LE-GH] CAPTAÇÃO - LEAD - PLANO.ESPCEX.24 - PQ";"0,84";"Quente (PQ)";"Captação (leads)";"EsPCEx"
"2024";"03 - [Feed]  Lista lead Active | 90D";"[LE-GH] CAPTAÇÃO - LEAD - PLANO.ESPCEX.24 - PF";"481,94";"Quente (PQ)";"Captação (leads)";"EsPCEx"
"2024";"01 - [Feed] LL (BR, 1%) [Site] Compra | 180D";"[LE-GH] CAPTAÇÃO - LEAD - PLANO.ESPCEX.24 - PF";"399";"Frio (PF)";"Captação (leads)";"EsPCEx"
"2024";"00 - [Feed] LL (BR, 1%) Lista alunos | 90D";"[LE-GH] CAPTAÇÃO - LEAD - PLANO.ESPCEX.24 - PF";"52,79";"Frio (PF)";"Captação (leads)";"EsPCEx"
"2024";"01 - [Stories/Reels] LL (BR, 1%) [Site] Compra | 180D";"[LE-GH] CAPTAÇÃO - LEAD - PLANO.ESPCEX.24 - PF";"160,53";"Frio (PF)";"Captação (leads)";"EsPCEx"
"2024";"00 - [Stories/Reels] LL (BR, 1%) Lista alunos | 90D";"[LE-GH] CAPTAÇÃO - LEAD - PLANO.ESPCEX.24 - PF";"307,28";"Frio (PF)";"Captação (leads)";"EsPCEx"
"2024";"02 - [Feed] LL (BR, 1%) [Site] PageView - Home | 90D";"[LE-GH] CAPTAÇÃO - LEAD - PLANO.ESPCEX.24 - PF";"63,23";"Frio (PF)";"Captação (leads)";"EsPCEx"
"2024";"02 -  [Stories/Reels] LL (BR, 1%) [Site] PageView - Home | 90D";"[LE-GH] CAPTAÇÃO - LEAD - PLANO.ESPCEX.24 - PF";"53,37";"Frio (PF)";"Captação (leads)";"EsPCEx"
"2024";"03 - [Stories/Reels] Lista lead Active | 90D";"[LE-GH] CAPTAÇÃO - LEAD - PLANO.ESPCEX.24 - PF";"810,53";"Quente (PQ)";"Captação (leads)";"EsPCEx"
"2024";"04 - [Stories] PF - INTERESSE";"[LE-GH] CAPTAÇÃO - LEAD - PLANO.ESPCEX.24 - PF";"433,87";"Frio (PF)";"Captação (leads)";"EsPCEx"
"2024";"04 - [Feed] PF - INTERESSE";"[LE-GH] CAPTAÇÃO - LEAD - PLANO.ESPCEX.24 - PF";"384,82";"Frio (PF)";"Captação (leads)";"EsPCEx"
"2024";"05 - [Stories/Reels] Checkou site | 30D";"[LE-GH] VENDA - CARRINHO ABERTO - DMB2024";"15,96";"Sem classificação";"Vendas / perpétuo";"Outros / matérias"
"2024";"03 - [Feed] Site Home | 30D";"[LE-GH] VENDA - CARRINHO ABERTO - DMB2024";"70,95";"Sem classificação";"Vendas / perpétuo";"Outros / matérias"
"2024";"01 - [Stories/Reels] Envolvimento IG | 14D";"[LE-GH] VENDA - CARRINHO ABERTO - DMB2024";"62,08";"Quente (PQ)";"Vendas / perpétuo";"Outros / matérias"
"2024";"03 - [Stories/Reels] Site Home | 30D";"[LE-GH] VENDA - CARRINHO ABERTO - DMB2024";"35,94";"Sem classificação";"Vendas / perpétuo";"Outros / matérias"
"2024";"02 - [Stories/Reels] Envolvimento IG | 30D";"[LE-GH] VENDA - CARRINHO ABERTO - DMB2024";"90,62";"Quente (PQ)";"Vendas / perpétuo";"Outros / matérias"
"2024";"02 - [Feed] Envolvimento IG | 30D";"[LE-GH] VENDA - CARRINHO ABERTO - DMB2024";"95,4";"Quente (PQ)";"Vendas / perpétuo";"Outros / matérias"
"2024";"04 - [Feed] Leads DMB";"[LE-GH] VENDA - CARRINHO ABERTO - DMB2024";"49,29";"Sem classificação";"Vendas / perpétuo";"Outros / matérias"
"2024";"01 - [Feed] Envolvimento IG | 14D";"[LE-GH] VENDA - CARRINHO ABERTO - DMB2024";"25,51";"Quente (PQ)";"Vendas / perpétuo";"Outros / matérias"
"2024";"04 - [Stories/Reels] Leads DMB";"[LE-GH] VENDA - CARRINHO ABERTO - DMB2024";"50,01";"Sem classificação";"Vendas / perpétuo";"Outros / matérias"
"2024";"00 - [Stories/Reels] Envolvimento IG | 07D";"[LE-GH] VENDA - CARRINHO ABERTO - DMB2024";"40,66";"Quente (PQ)";"Vendas / perpétuo";"Outros / matérias"
"2024";"00 - [Feed] Envolvimento IG | 07D";"[LE-GH] VENDA - CARRINHO ABERTO - DMB2024";"41,15";"Quente (PQ)";"Vendas / perpétuo";"Outros / matérias"
"2024";"05 - [Feed] Envolvimento IG + leads | 07D [aula 03 no ar]";"[LE-GH] LEMBRETE - ALCANCE - DMB2024";"49,96";"Quente (PQ)";"Engajamento / conteúdo";"Outros / matérias"
"2024";"05 - [Stories/Reels] Envolvimento IG + leads | 07D [aula 03 no ar]";"[LE-GH] LEMBRETE - ALCANCE - DMB2024";"49,94";"Quente (PQ)";"Engajamento / conteúdo";"Outros / matérias"
"2024";"04 - [Feed] Envolvimento IG + leads | 07D [aula 02 no ar]";"[LE-GH] LEMBRETE - ALCANCE - DMB2024";"24,99";"Quente (PQ)";"Engajamento / conteúdo";"Outros / matérias"
"2024";"04 - [Stories/Reels] Envolvimento IG + leads | 07D [aula 02 no ar]";"[LE-GH] LEMBRETE - ALCANCE - DMB2024";"24,97";"Quente (PQ)";"Engajamento / conteúdo";"Outros / matérias"
"2024";"03 - [Feed] Envolvimento IG + leads | 07D [aula 01 no ar]";"[LE-GH] LEMBRETE - ALCANCE - DMB2024";"24,99";"Quente (PQ)";"Engajamento / conteúdo";"Outros / matérias"
"2024";"03 - [Stories/Reels] Envolvimento IG + leads | 07D [aula 01 no ar]";"[LE-GH] LEMBRETE - ALCANCE - DMB2024";"24,98";"Quente (PQ)";"Engajamento / conteúdo";"Outros / matérias"
"2024";"01 - [Feed] Envolvimento IG + leads | 07D [é amanhã]";"[LE-GH] LEMBRETE - ALCANCE - DMB2024";"25";"Quente (PQ)";"Engajamento / conteúdo";"Outros / matérias"
"2024";"01 - [Stories/Reels] Envolvimento IG + leads | 07D [é amanhã]";"[LE-GH] LEMBRETE - ALCANCE - DMB2024";"25";"Quente (PQ)";"Engajamento / conteúdo";"Outros / matérias"
"2024";"02 - [Feed] Envolvimento IG + leads | 07D [é hoje]";"[LE-GH] LEMBRETE - ALCANCE - DMB2024";"50";"Quente (PQ)";"Engajamento / conteúdo";"Outros / matérias"
"2024";"02 - [Stories/Reels] Envolvimento IG + leads | 07D [é hoje]";"[LE-GH] LEMBRETE - ALCANCE - DMB2024";"49,99";"Quente (PQ)";"Engajamento / conteúdo";"Outros / matérias"
"2024";"00 - [Feed] Envolvimento IG + leads | 07D [semana que vem]";"[LE-GH] LEMBRETE - ALCANCE - DMB2024";"108,01";"Quente (PQ)";"Engajamento / conteúdo";"Outros / matérias"
"2024";"00 - [Stories/Reels] Envolvimento IG + leads | 07D [semana que vem]";"[LE-GH] LEMBRETE - ALCANCE - DMB2024";"100,52";"Quente (PQ)";"Engajamento / conteúdo";"Outros / matérias"
"2024";"04 - [Feed] PF - INTERESSE";"[LE-GH] CAPTAÇÃO - LEAD - DMB2024 - PF";"267,16";"Frio (PF)";"Captação (leads)";"Outros / matérias"
"2024";"04 - [Stories] PF - INTERESSE";"[LE-GH] CAPTAÇÃO - LEAD - DMB2024 - PF";"345,67";"Frio (PF)";"Captação (leads)";"Outros / matérias"
"2024";"03 - [Stories/Reels] Lista lead Active | 90D";"[LE-GH] CAPTAÇÃO - LEAD - DMB2024 - PF";"248,04";"Quente (PQ)";"Captação (leads)";"Outros / matérias"
"2024";"02 -  [Stories/Reels] LL (BR, 1%) [Site] PageView - Home | 90D";"[LE-GH] CAPTAÇÃO - LEAD - DMB2024 - PF";"35,8";"Frio (PF)";"Captação (leads)";"Outros / matérias"
"2024";"02 - [Feed] LL (BR, 1%) [Site] PageView - Home | 90D";"[LE-GH] CAPTAÇÃO - LEAD - DMB2024 - PF";"1,78";"Frio (PF)";"Captação (leads)";"Outros / matérias"
"2024";"00 - [Stories/Reels] LL (BR, 1%) Lista alunos | 90D";"[LE-GH] CAPTAÇÃO - LEAD - DMB2024 - PF";"152,88";"Frio (PF)";"Captação (leads)";"Outros / matérias"
"2024";"00 - [Feed] LL (BR, 1%) Lista alunos | 90D";"[LE-GH] CAPTAÇÃO - LEAD - DMB2024 - PF";"16,36";"Frio (PF)";"Captação (leads)";"Outros / matérias"
"2024";"01 - [Stories/Reels] LL (BR, 1%) [Site] Compra | 180D";"[LE-GH] CAPTAÇÃO - LEAD - DMB2024 - PF";"254,62";"Frio (PF)";"Captação (leads)";"Outros / matérias"
"2024";"01 - [Feed] LL (BR, 1%) [Site] Compra | 180D";"[LE-GH] CAPTAÇÃO - LEAD - DMB2024 - PF";"27,1";"Frio (PF)";"Captação (leads)";"Outros / matérias"
"2024";"03 - [Feed]  Lista lead Active | 90D";"[LE-GH] CAPTAÇÃO - LEAD - DMB2024 - PF";"164,55";"Quente (PQ)";"Captação (leads)";"Outros / matérias"
"2024";"02 - Stories/Reels] Envolvimento IG | 07D";"[LE-GH] CAPTAÇÃO - LEAD - DMB2024 - PQ";"102,1";"Quente (PQ)";"Captação (leads)";"Outros / matérias"
"2024";"01 - [Stories/Reels [Site] PageView Site | 90D";"[LE-GH] CAPTAÇÃO - LEAD - DMB2024 - PQ";"0,26";"Quente (PQ)";"Captação (leads)";"Outros / matérias"
"2024";"00 - [Feed] Lista Active";"[LE-GH] CAPTAÇÃO - LEAD - DMB2024 - PQ";"1,08";"Quente (PQ)";"Captação (leads)";"Outros / matérias"
"2024";"02 - [Feed] Envolvimento IG | 07D";"[LE-GH] CAPTAÇÃO - LEAD - DMB2024 - PQ";"56,79";"Quente (PQ)";"Captação (leads)";"Outros / matérias"
"2024";"04 - [Stories/Reels] Envolvimento IG | 30D";"[LE-GH] CAPTAÇÃO - LEAD - DMB2024 - PQ";"46,47";"Quente (PQ)";"Captação (leads)";"Outros / matérias"
"2024";"03 - [Stories/Reels] Envolvimento IG | 14D";"[LE-GH] CAPTAÇÃO - LEAD - DMB2024 - PQ";"28,37";"Quente (PQ)";"Captação (leads)";"Outros / matérias"
"2024";"05 - [Feed] Checkout | 90D";"[LE-GH] CAPTAÇÃO - LEAD - DMB2024 - PQ";"0,06";"Quente (PQ)";"Captação (leads)";"Outros / matérias"
"2024";"11 - Leads OP. EsPCEx24 | Visitantes LP";"[LE-GH] PP - ESPCEX - CONVERSÃO  - PQ - CBO";"418,63";"Quente (PQ)";"Vendas / perpétuo";"EsPCEx"
"2024";"05 - Envolvimento IG | 14D";"[LE-GH] PP - ESPCEX - CONVERSÃO  - PQ - CBO";"451,19";"Quente (PQ)";"Vendas / perpétuo";"EsPCEx"
"2024";"04 - Envolvimento IG | 07D";"[LE-GH] PP - ESPCEX - CONVERSÃO  - PQ - CBO";"2702,28";"Quente (PQ)";"Vendas / perpétuo";"EsPCEx"
"2024";"02 - PageView Home | 30D";"[LE-GH] PP - ESPCEX - CONVERSÃO  - PQ - CBO";"492,07";"Quente (PQ)";"Vendas / perpétuo";"EsPCEx"
"2024";"00 - Dia 3 - Português";"[LE-GH] ULT.EFOMM.24 - LEMBRETE LIVE - RECONHECIMENTO - CBO - PQ [JUL.24]";"116,32";"Quente (PQ)";"Outros";"EFOMM"
"2024";"05 - Barro Branco [TESTE]";"[LE-GH] PP - ESPCEX - CONVERSÃO - CBO - PQ [MAR.24]";"986,93";"Quente (PQ)";"Vendas / perpétuo";"EsPCEx"
"2025";"02 - Envolvimento IG | 07D";"[LE-GH] VENDA - CARRINHO ABERTO - BLACKTM.25 [OUT.25]";"14312,85";"Quente (PQ)";"Vendas / perpétuo";"Outros / matérias"
"2025";"05 - Envolvimento IG | 90D";"[LE-GH] VENDA - CARRINHO ABERTO - BLACKTM.25 [OUT.25]";"24,4";"Quente (PQ)";"Vendas / perpétuo";"Outros / matérias"
"2025";"06 - Seguidores IG - Total";"[LE-GH] VENDA - CARRINHO ABERTO - BLACKTM.25 [OUT.25]";"3758,01";"Quente (PQ)";"Vendas / perpétuo";"Outros / matérias"
"2025";"03 - Envolvimento IG | 30D";"[LE-GH] VENDA - CARRINHO ABERTO - BLACKTM.25 [OUT.25]";"144,76";"Quente (PQ)";"Vendas / perpétuo";"Outros / matérias"
"2025";"02 - Envolvimento IG | 07D";"[LE-GH] LEMBRETE - LIVE - BLACKTM.25 [OUT.25]";"2494,74";"Quente (PQ)";"Outros";"Outros / matérias"
"2025";"03 - Envolvimento IG | 30D";"[LE-GH] LEMBRETE - LIVE - BLACKTM.25 [OUT.25]";"788,01";"Quente (PQ)";"Outros";"Outros / matérias"
"2025";"05 - Envolvimento IG | 90D";"[LE-GH] LEMBRETE - LIVE - BLACKTM.25 [OUT.25]";"504,82";"Quente (PQ)";"Outros";"Outros / matérias"
"2025";"06 - Seguidores IG - Total";"[LE-GH] LEMBRETE - LIVE - BLACKTM.25 [OUT.25]";"12,92";"Quente (PQ)";"Outros";"Outros / matérias"
"2025";"03 - Envolvimento IG | 30D";"[LE-GH] CARRINHO ABERTO - LIVE - BLACKTM.25 [OUT.25]";"0,01";"Quente (PQ)";"Vendas / perpétuo";"Outros / matérias"
"2025";"02 - Envolvimento IG | 07D";"[LE-GH] CARRINHO ABERTO - LIVE - BLACKTM.25 [OUT.25]";"0,1";"Quente (PQ)";"Vendas / perpétuo";"Outros / matérias"
"2025";"05 - Envolvimento IG | 90D";"[LE-GH] CARRINHO ABERTO - LIVE - BLACKTM.25 [OUT.25]";"0,08";"Quente (PQ)";"Vendas / perpétuo";"Outros / matérias"
"2025";"01 - Envolvimento IG - 07D";"[GH] OP.ESPCEX.26 - CARRINHO ABEERTO - CBO - PQ [SET.25]";"2521,54";"Quente (PQ)";"Vendas / perpétuo";"EsPCEx"
"2025";"02 -  Envolvimento IG - 30D";"[GH] OP.ESPCEX.26 - CARRINHO ABEERTO - CBO - PQ [SET.25]";"181,79";"Quente (PQ)";"Vendas / perpétuo";"EsPCEx"
"2025";"01 - Envolvimento IG - 07D";"[GH] P.TRIPLICE.25 - CARRINHO ABEERTO - CBO - PQ [AGO.25]";"398,43";"Quente (PQ)";"Vendas / perpétuo";"Tríplice (AFA/EFOMM/EN)"
"2025";"02 -  Envolvimento IG - 30D";"[GH] P.TRIPLICE.25 - CARRINHO ABEERTO - CBO - PQ [AGO.25]";"334,92";"Quente (PQ)";"Vendas / perpétuo";"Tríplice (AFA/EFOMM/EN)"
"2025";"02 - INTERESSES | ULT.ESPCEX.25 - SET.25";"[GH] ULT.ESPCEX.25 - CAPTAÇÃO - CADASTROS - CBO - PF [SET.25]";"1569,85";"Frio (PF)";"Captação (leads)";"EsPCEx"
"2025";"Instagram Post";"Post do Instagram: Nosso aluno Daniel Oliveira...";"1494,51";"Sem classificação";"Engajamento / conteúdo";"Outros / matérias"
"2025";"01 - [GH] Interesses AFA - EFOMM - EN - P.TRIPLICE.25";"[GH] P.TRIPLICE.25 - CAPTAÇÃO - CADASTROS - CBO - PF [AGO.25]";"4227,7";"Frio (PF)";"Captação (leads)";"Tríplice (AFA/EFOMM/EN)"
"2025";"02 - IG - Engajamento | 07D";"[GH] OP.BB.25 - VENDA - CARRINHO ABERTO - PQ - CBO [JUL.25]";"2843,58";"Quente (PQ)";"Vendas / perpétuo";"Barro Branco"
"2025";"02 - Envolvimento IG - 07D";"[LE-GH] RF.ESPCEX.25 - CAPTAÇÃO LIVE - RECONHECIMENTO - CBO - PQ [JUL.25]";"4015,54";"Quente (PQ)";"Captação (leads)";"EsPCEx"
"2025";"01 - INTERESSES - EFOMM";"[GH] ULT.EFOMM.25 - TRÁFEGO - LIVE - PF - CBO [JUL.25]";"1726,8";"Frio (PF)";"Outros";"EFOMM"
"2025";"01 - IG - Engajamento | 14D";"[GH] ULT.EFOMM.25 - TRÁFEGO - LIVE - PQ - CBO [JUL.25]";"575,89";"Quente (PQ)";"Outros";"EFOMM"
"2025";"02 - IG - Engajamento | 07D";"[GH] P.EPCAR.25 - VENDAS - CARRINHO ABERTO - PQ - CBO [JUL.25]";"777,31";"Quente (PQ)";"Vendas / perpétuo";"EPCAr"
"2025";"01 - INTERESSES EPCAR - PAIS ADOLECENTES 13-17";"[GH] P.EPCAR.25 - CAPTAÇÃO - LEADS - PF -  CBO [JUL.25]";"1439,23";"Frio (PF)";"Captação (leads)";"EPCAr"
"2025";"02 -INTERESSES EPCAR - CONCURSEIROS";"[GH] P.EPCAR.25 - CAPTAÇÃO - LEADS - PF -  CBO [JUL.25]";"789,22";"Frio (PF)";"Captação (leads)";"EPCAr"
"2025";"Instagram Post";"Publicação do Instagram: A banca do concurso do...";"5336,01";"Sem classificação";"Outros";"Outros / matérias"
"2025";"00 - Envolvimento IG | 07D";"[LE-GH] ULT.APMBB.25 - CAPTAÇÃO - CADASTROS - CBO - PQ [JUL.25]";"169,49";"Quente (PQ)";"Captação (leads)";"Barro Branco"
"2025";"01 - Envolvimento IG | 30D";"[LE-GH] ULT.APMBB.25 - CAPTAÇÃO - CADASTROS - CBO - PQ [JUL.25]";"758,4";"Quente (PQ)";"Captação (leads)";"Barro Branco"
"2025";"É Hoje - IG - Engajamento | 07D";"[GH] EPCAR.25 - RECONHECIMENTO - CBO [JUN.25]";"68,76";"Quente (PQ)";"Outros";"EPCAr"
"2025";"Faltam 2 Dias - IG - Engajamento | 07D";"[GH] EPCAR.25 - RECONHECIMENTO - CBO [JUN.25]";"38,83";"Quente (PQ)";"Outros";"EPCAr"
"2025";"É amanhã - IG - Engajamento | 07D";"[GH] EPCAR.25 - RECONHECIMENTO - CBO [JUN.25]";"81,56";"Quente (PQ)";"Outros";"EPCAr"
"2025";"Instagram Post";"Publicação do Instagram: Física pessoal,...";"1793,58";"Sem classificação";"Outros";"Outros / matérias"
"2025";"Instagram Post";"Instagram post: Nosso aluno Ian Pires passou de...";"10169,72";"Sem classificação";"Engajamento / conteúdo";"Outros / matérias"
"2025";"03 - Envolvimento IG | 30D";"[LE-GH] ANIVERSÁRIOTM.25 - RECONHECIMENTO - CBO [JUN.25]";"354,1";"Quente (PQ)";"Outros";"Outros / matérias"
"2025";"01 - Envolvimento IG | 07D";"[LE-GH] ANIVERSÁRIOTM.25 - RECONHECIMENTO - CBO [JUN.25]";"1135,26";"Quente (PQ)";"Outros";"Outros / matérias"
"2025";"02 - Envolvimento IG | 14D";"[LE-GH] ANIVERSÁRIOTM.25 - RECONHECIMENTO - CBO [JUN.25]";"361,6";"Quente (PQ)";"Outros";"Outros / matérias"
"2025";"05- Envolvimento IG | 90D";"[LE-GH] ANIVERSÁRIOTM.25 - RECONHECIMENTO - CBO [JUN.25]";"623,35";"Quente (PQ)";"Outros";"Outros / matérias"
"2025";"04 - Envolvimento IG | 60D";"[LE-GH] ANIVERSÁRIOTM.25 - RECONHECIMENTO - CBO [JUN.25]";"492,76";"Quente (PQ)";"Outros";"Outros / matérias"
"2025";"03 - Envolvimento IG | 30D";"[LE-GH] OP.VEST.25 - CARRINHO ABERTO - CONVERSÃO [MAR.25]";"70,36";"Quente (PQ)";"Vendas / perpétuo";"Outros / matérias"
"2025";"02 - Envolvimento IG | 14D";"[LE-GH] OP.VEST.25 - CARRINHO ABERTO - CONVERSÃO [MAR.25]";"123,68";"Quente (PQ)";"Vendas / perpétuo";"Outros / matérias"
"2025";"00 - INTERESSES";"[LE-GH] OP.VEST.25 - CAPTAÇÃO - CADASTROS - CBO - PF [MAR.25]";"2645,09";"Frio (PF)";"Captação (leads)";"Outros / matérias"
"2025";"03 - Envolvimento IG | 30D";"[LE-GH] OP.ESA.25 - CARRINHO ABERTO - CONVERSÃO [FEV.25]";"88,29";"Quente (PQ)";"Vendas / perpétuo";"ESA"
"2025";"02 - Envolvimento IG | 14D";"[LE-GH] OP.ESA.25 - CARRINHO ABERTO - CONVERSÃO [FEV.25]";"113,99";"Quente (PQ)";"Vendas / perpétuo";"ESA"
"2025";"Instagram Post";"Publicação do Instagram: O Joel Melo (aluno do...";"17158,78";"Sem classificação";"Outros";"Outros / matérias"
"2025";"Instagram Post";"Publicação do Instagram: Nosso aluno Ian Pires...";"4776,31";"Sem classificação";"Outros";"Outros / matérias"
"2025";"04 - Envolvimento IG | 14D";"[LE-GH] CARRINHO ABERTO - CONVERSÃO - MAT.BAS.25 [JAN.25]";"1017,26";"Quente (PQ)";"Vendas / perpétuo";"Matemática Básica"
"2025";"02 - Envolvimento IG | 30D";"[LE-GH] CARRINHO ABERTO - CONVERSÃO - MAT.BAS.25 [JAN.25]";"876,22";"Quente (PQ)";"Vendas / perpétuo";"Matemática Básica"
"2025";"00 - Dia 31/12 - Faltam 5 Dias";"[GH] MAT.BAS.26 - LEMBRETE LIVE - TRÁFEGO - PQ [JAN.25]";"149,59";"Quente (PQ)";"Outros";"Matemática Básica"
"2025";"05 - Envolvimento IG | 60, 90, 120, 180D";"[GH] MAT.BAS.26 - CAPTAÇÃO - LEADS - CBO - PQ [JAN.25]";"681,88";"Quente (PQ)";"Captação (leads)";"Matemática Básica"
"2025";"05 -  Advantage+ ativado";"[GH] MAT.BAS.26 - CAPTAÇÃO - LEADS - CBO - PF [JAN.25]";"3553,96";"Frio (PF)";"Captação (leads)";"Matemática Básica"
"2025";"02 - LL (BR, 1%) - LEADS ACTIVE - BLACKTM.25";"[GH] MAT.BAS.26 - CAPTAÇÃO - LEADS - CBO - PF [JAN.25]";"889,88";"Frio (PF)";"Captação (leads)";"Matemática Básica"
"2025";"01 - LL(BR, 1%) - [SITE] PAGE VIEW - HOME - 180D";"[GH] MAT.BAS.26 - CAPTAÇÃO - LEADS - CBO - PF [JAN.25]";"887,21";"Frio (PF)";"Captação (leads)";"Matemática Básica"
"2025";"00 - LL (BR, 1%) ALUNOS ACTIVE - DMB.26 [JAN.26]";"[GH] MAT.BAS.26 - CAPTAÇÃO - LEADS - CBO - PF [JAN.25]";"245,35";"Frio (PF)";"Captação (leads)";"Matemática Básica"
"2025";"04 - PF - INTERESSE";"[GH] MAT.BAS.26 - CAPTAÇÃO - LEADS - CBO - PF [JAN.25]";"201,71";"Frio (PF)";"Captação (leads)";"Matemática Básica"
"2025";"00 - LEADS ACTIVE - BLACKTM.25";"[GH] MAT.BAS.26 - CAPTAÇÃO - LEADS - CBO - PQ [JAN.25]";"108,19";"Quente (PQ)";"Captação (leads)";"Matemática Básica"
"2025";"02 - Envolvimento IG | 07D";"[GH] MAT.BAS.26 - CAPTAÇÃO - LEADS - CBO - PQ [JAN.25]";"464,24";"Quente (PQ)";"Captação (leads)";"Matemática Básica"
"2025";"06 - [Site] Checkout - Geral | 180D";"[GH] MAT.BAS.26 - CAPTAÇÃO - LEADS - CBO - PQ [JAN.25]";"8,48";"Quente (PQ)";"Captação (leads)";"Matemática Básica"
"2025";"04 - Envolvimento IG | 30";"[GH] MAT.BAS.26 - CAPTAÇÃO - LEADS - CBO - PQ [JAN.25]";"1027,73";"Quente (PQ)";"Captação (leads)";"Matemática Básica"
"2025";"01 - [Site] PageView - Geral | 180D";"[GH] MAT.BAS.26 - CAPTAÇÃO - LEADS - CBO - PQ [JAN.25]";"68,2";"Quente (PQ)";"Captação (leads)";"Matemática Básica"
"2025";"03 - Envolvimento IG | 14D";"[GH] MAT.BAS.26 - CAPTAÇÃO - LEADS - CBO - PQ [JAN.25]";"197,04";"Quente (PQ)";"Captação (leads)";"Matemática Básica"
"2025";"04 - LEADS ACTIVE - BLACKTM.25";"[LE-GH] VENDA - CARRINHO ABERTO - BLACKTM.25 [OUT.25]";"2355,65";"Quente (PQ)";"Vendas / perpétuo";"Outros / matérias"
"2025";"01 - [Site] PageView - Geral | 180D";"[LE-GH] VENDA - CARRINHO ABERTO - BLACKTM.25 [OUT.25]";"142,28";"Quente (PQ)";"Vendas / perpétuo";"Outros / matérias"
"2025";"01 - PageView HOME - SITE";"[LE-GH] LEMBRETE - LIVE - BLACKTM.25 [OUT.25]";"0,12";"Quente (PQ)";"Outros";"Outros / matérias"
"2025";"04 - LEADS ACTIVE - BLACKTM.25";"[LE-GH] LEMBRETE - LIVE - BLACKTM.25 [OUT.25]";"12,54";"Quente (PQ)";"Outros";"Outros / matérias"
"2025";"04 - LEADS ACTIVE - BLACKTM.25";"[LE-GH] CARRINHO ABERTO - LIVE - BLACKTM.25 [OUT.25]";"0,01";"Quente (PQ)";"Vendas / perpétuo";"Outros / matérias"
"2025";"03 - Checkout e PageView EsPCEx - 180D";"[GH] OP.ESPCEX.26 - CARRINHO ABEERTO - CBO - PQ [SET.25]";"310,21";"Quente (PQ)";"Vendas / perpétuo";"EsPCEx"
"2025";"04 - LEADS - OP.ESPCEX.26 - SET.25";"[GH] OP.ESPCEX.26 - CARRINHO ABEERTO - CBO - PQ [SET.25]";"261,26";"Quente (PQ)";"Vendas / perpétuo";"EsPCEx"
"2025";"01 - É Hoje";"[GH] OP.ESPCEX.26 - AO VIVO - TRÁFEGO - LEMBRETE - PQ - ABO [SET.25]";"22,24";"Quente (PQ)";"Outros";"EsPCEx"
"2025";"02 - Faltam 09 dias";"[GH] OP.ESPCEX.26 - TRÁFEGO - LEMBRETE - PQ - ABO [SET.25]";"149,86";"Quente (PQ)";"Outros";"EsPCEx"
"2025";"03 - Faltam 08 dias";"[GH] OP.ESPCEX.26 - TRÁFEGO - LEMBRETE - PQ - ABO [SET.25]";"149,99";"Quente (PQ)";"Outros";"EsPCEx"
"2025";"05 - Faltam 06 dias";"[GH] OP.ESPCEX.26 - TRÁFEGO - LEMBRETE - PQ - ABO [SET.25]";"349,8";"Quente (PQ)";"Outros";"EsPCEx"
"2025";"07 - Faltam 4 dias";"[GH] OP.ESPCEX.26 - TRÁFEGO - LEMBRETE - PQ - ABO [SET.25]";"350,16";"Quente (PQ)";"Outros";"EsPCEx"
"2025";"01 - Faltam 10 dias";"[GH] OP.ESPCEX.26 - TRÁFEGO - LEMBRETE - PQ - ABO [SET.25]";"150,06";"Quente (PQ)";"Outros";"EsPCEx"
"2025";"04 - Faltam 07 dias";"[GH] OP.ESPCEX.26 - TRÁFEGO - LEMBRETE - PQ - ABO [SET.25]";"298,77";"Quente (PQ)";"Outros";"EsPCEx"
"2025";"10 - É Amanhã";"[GH] OP.ESPCEX.26 - TRÁFEGO - LEMBRETE - PQ - ABO [SET.25]";"600,24";"Quente (PQ)";"Outros";"EsPCEx"
"2025";"06 - Faltam 5 dias";"[GH] OP.ESPCEX.26 - TRÁFEGO - LEMBRETE - PQ - ABO [SET.25]";"312,94";"Quente (PQ)";"Outros";"EsPCEx"
"2025";"14 - Dia 04";"[GH] OP.ESPCEX.26 - TRÁFEGO - LEMBRETE - PQ - ABO [SET.25]";"150,01";"Quente (PQ)";"Outros";"EsPCEx"
"2025";"09 - Faltam 2 dias";"[GH] OP.ESPCEX.26 - TRÁFEGO - LEMBRETE - PQ - ABO [SET.25]";"599,54";"Quente (PQ)";"Outros";"EsPCEx"
"2025";"11 - É Hoje";"[GH] OP.ESPCEX.26 - TRÁFEGO - LEMBRETE - PQ - ABO [SET.25]";"600,27";"Quente (PQ)";"Outros";"EsPCEx"
"2025";"12 - Dia 02";"[GH] OP.ESPCEX.26 - TRÁFEGO - LEMBRETE - PQ - ABO [SET.25]";"130,61";"Quente (PQ)";"Outros";"EsPCEx"
"2025";"08 - Faltam 3 dias";"[GH] OP.ESPCEX.26 - TRÁFEGO - LEMBRETE - PQ - ABO [SET.25]";"138,96";"Quente (PQ)";"Outros";"EsPCEx"
"2025";"13 - Dia 03";"[GH] OP.ESPCEX.26 - TRÁFEGO - LEMBRETE - PQ - ABO [SET.25]";"143,9";"Quente (PQ)";"Outros";"EsPCEx"
"2025";"06 - IG - Engajamento - 120D";"[GH] OP.ESPCEX.26 [FASE-04] CAPTAÇÃO - LEADS - PQ - ABO [SET.25]";"455,74";"Quente (PQ)";"Captação (leads)";"EsPCEx"
"2025";"04 - IG - Engajamento - 60D";"[GH] OP.ESPCEX.26 [FASE-04] CAPTAÇÃO - LEADS - PQ - ABO [SET.25]";"449,58";"Quente (PQ)";"Captação (leads)";"EsPCEx"
"2025";"02 - IG - Engajamento - 14D";"[GH] OP.ESPCEX.26 [FASE-04] CAPTAÇÃO - LEADS - PQ - ABO [SET.25]";"454,2";"Quente (PQ)";"Captação (leads)";"EsPCEx"
"2025";"11 -  Visualização 50% -AdV -Distribuição - OP.ESPCEX.26";"[GH] OP.ESPCEX.26 [FASE-04] CAPTAÇÃO - LEADS - PQ - ABO [SET.25]";"471,23";"Quente (PQ)";"Captação (leads)";"EsPCEx"
"2025";"10 -  Visualização 25% -AdV -Distribuição - OP.ESPCEX.26";"[GH] OP.ESPCEX.26 [FASE-04] CAPTAÇÃO - LEADS - PQ - ABO [SET.25]";"498,97";"Quente (PQ)";"Captação (leads)";"EsPCEx"
"2025";"07 - LL (BR, 1%) - Visualização 95% - AdV -Distribuição - OP.ESPCEX.26 - SET.25";"[GH] OP.ESPCEX.26 [FASE-04] CAPTAÇÃO - LEADS - PF - ABO [SET.25]";"3298,38";"Frio (PF)";"Captação (leads)";"EsPCEx"
"2025";"03 - LL (BR, 2% to 3%) PURCHASE - TM FULL - ESPCEX - 12M";"[GH] OP.ESPCEX.26 [FASE-04] CAPTAÇÃO - LEADS - PF - ABO [SET.25]";"314,92";"Frio (PF)";"Captação (leads)";"EsPCEx"
"2025";"02 - LL (BR, 1% to 2%) PURCHASE - TM FULL - ESPCEX - 12M";"[GH] OP.ESPCEX.26 [FASE-04] CAPTAÇÃO - LEADS - PF - ABO [SET.25]";"322,84";"Frio (PF)";"Captação (leads)";"EsPCEx"
"2025";"01 - LL (BR, 1%) - PURCHASE - TM FULL - ESPCEX - 12M";"[GH] OP.ESPCEX.26 [FASE-04] CAPTAÇÃO - LEADS - PF - ABO [SET.25]";"1848,11";"Frio (PF)";"Captação (leads)";"EsPCEx"
"2025";"06 - LL (BR, 2% to 3%) LEADS - OP.ESPCEX.25 - OUT.24";"[GH] OP.ESPCEX.26 [FASE-04] CAPTAÇÃO - LEADS - PF - ABO [SET.25]";"5211,8";"Frio (PF)";"Captação (leads)";"EsPCEx"
"2025";"05 - LL (BR, 1% to 2%) LEADS - OP.ESPCEX.25 - OUT.24";"[GH] OP.ESPCEX.26 [FASE-04] CAPTAÇÃO - LEADS - PF - ABO [SET.25]";"3132,18";"Frio (PF)";"Captação (leads)";"EsPCEx"
"2025";"09 - Público Advantage+";"[GH] OP.ESPCEX.26 [FASE-04] CAPTAÇÃO - LEADS - PF - ABO [SET.25]";"30052,53";"Frio (PF)";"Captação (leads)";"EsPCEx"
"2025";"08 - INTERESSES | OP.ESPCEX.26 - SET.25";"[GH] OP.ESPCEX.26 [FASE-04] CAPTAÇÃO - LEADS - PF - ABO [SET.25]";"7455,76";"Frio (PF)";"Captação (leads)";"EsPCEx"
"2025";"04 - LL (BR, 1%) - LEADS - OP.ESPCEX.25 - OUT.24";"[GH] OP.ESPCEX.26 [FASE-04] CAPTAÇÃO - LEADS - PF - ABO [SET.25]";"3226,42";"Frio (PF)";"Captação (leads)";"EsPCEx"
"2025";"01 - IG - Engajamento - 07D, 14D - PG-PQ";"[GH] OP.ESPCEX.26 [FASE-03] TESTE - PÁGINA - PQ - CAPTAÇÃO - LEADS - ABO [SET.25]";"118,01";"Quente (PQ)";"Captação (leads)";"EsPCEx"
"2025";"02 -  LL (BR, 1%) - LEADS - OP.ESPCEX.25 - PG-PQ";"[GH] OP.ESPCEX.26 [FASE-03] TESTE - PÁGINA - PQ - CAPTAÇÃO - LEADS - ABO [SET.25]";"95,15";"Frio (PF)";"Captação (leads)";"EsPCEx"
"2025";"01 - IG - Engajamento - 07D, 14D - PG-PF";"[GH] OP.ESPCEX.26 [FASE-03] TESTE - PÁGINA - PF - CAPTAÇÃO - LEADS - ABO [SET.25]";"119,34";"Frio (PF)";"Captação (leads)";"EsPCEx"
"2025";"02 -  LL (BR, 1%) - LEADS - OP.ESPCEX.25 - PG-PF";"[GH] OP.ESPCEX.26 [FASE-03] TESTE - PÁGINA - PF - CAPTAÇÃO - LEADS - ABO [SET.25]";"92,81";"Frio (PF)";"Captação (leads)";"EsPCEx"
"2025";"12 -  Visualização 75% -AdV -Distribuição - OP.ESPCEX.26";"[GH] OP.ESPCEX.26 [FASE-04] CAPTAÇÃO - LEADS - PQ - ABO [SET.25]";"410,53";"Quente (PQ)";"Captação (leads)";"EsPCEx"
"2025";"01 - IG - Engajamento - 07D";"[GH] OP.ESPCEX.26 [FASE-04] CAPTAÇÃO - LEADS - PQ - ABO [SET.25]";"3466,69";"Quente (PQ)";"Captação (leads)";"EsPCEx"
"2025";"03 - IG - Engajamento - 30D";"[GH] OP.ESPCEX.26 [FASE-04] CAPTAÇÃO - LEADS - PQ - ABO [SET.25]";"1928,18";"Quente (PQ)";"Captação (leads)";"EsPCEx"
"2025";"05 - IG - Engajamento - 90D";"[GH] OP.ESPCEX.26 [FASE-04] CAPTAÇÃO - LEADS - PQ - ABO [SET.25]";"944,76";"Quente (PQ)";"Captação (leads)";"EsPCEx"
"2025";"07 -IG - Engajamento - 180D";"[GH] OP.ESPCEX.26 [FASE-04] CAPTAÇÃO - LEADS - PQ - ABO [SET.25]";"967,71";"Quente (PQ)";"Captação (leads)";"EsPCEx"
"2025";"08 - [Site] Checkout - EsPCEx -180D";"[GH] OP.ESPCEX.26 [FASE-04] CAPTAÇÃO - LEADS - PQ - ABO [SET.25]";"362,62";"Quente (PQ)";"Captação (leads)";"EsPCEx"
"2025";"09 - Leads EsPCEx [ULT/OP] 24-25";"[GH] OP.ESPCEX.26 [FASE-04] CAPTAÇÃO - LEADS - PQ - ABO [SET.25]";"359,71";"Quente (PQ)";"Captação (leads)";"EsPCEx"
"2025";"02 - LL (BR, 1%) - LEADS - ULT.ESPCEX.25";"[GH]  OP.ESPCEX.26 - DISTRIBUIÇÃO - PF - ABO [SET.25]";"1298,07";"Frio (PF)";"Outros";"EsPCEx"
"2025";"01 - LL (BR, 1%) - LEADS - OP.ESPCEX.25";"[GH]  OP.ESPCEX.26 - DISTRIBUIÇÃO - PF - ABO [SET.25]";"1183,8";"Frio (PF)";"Outros";"EsPCEx"
"2025";"03 - INTERESSES - OP.ESPCEX.25 - SET.25";"[GH]  OP.ESPCEX.26 - DISTRIBUIÇÃO - PF - ABO [SET.25]";"403,56";"Frio (PF)";"Outros";"EsPCEx"
"2025";"06 - É Hoje";"[GH] ULT.ESPCEX.25 - TRÁFEGO - LEMBRETE - PQ - ABO [SET.25]";"199,61";"Quente (PQ)";"Outros";"EsPCEx"
"2025";"05 - É amanhã";"[GH] ULT.ESPCEX.25 - TRÁFEGO - LEMBRETE - PQ - ABO [SET.25]";"149,53";"Quente (PQ)";"Outros";"EsPCEx"
"2025";"03 - Faltam 3 dias";"[GH] ULT.ESPCEX.25 - TRÁFEGO - LEMBRETE - PQ - ABO [SET.25]";"177,34";"Quente (PQ)";"Outros";"EsPCEx"
"2025";"04 - Advantage+ ativado";"[LE-GH] PP - BB - VENDA - CBO - PQ [SET.25]";"3332,52";"Frio (PF)";"Vendas / perpétuo";"Barro Branco"
"2025";"01 - IG - Engajamento | 07D";"[LE-GH] PP - BB - VENDA - CBO - PQ [SET.25]";"119,34";"Quente (PQ)";"Vendas / perpétuo";"Barro Branco"
"2025";"03 - LL (BR, 1%) - LEADS - OP.BB.25 - ACTIVE CAMPAIGN";"[LE-GH] PP - BB - VENDA - CBO - PQ [SET.25]";"48,75";"Frio (PF)";"Vendas / perpétuo";"Barro Branco"
"2025";"02 - LEADS - OP+ULT.BB.25 - ACTIVE CAMPAIGN";"[LE-GH] PP - BB - VENDA - CBO - PQ [SET.25]";"6,71";"Quente (PQ)";"Vendas / perpétuo";"Barro Branco"
"2025";"01 - [Site] Checkout+PageView - Full BB - 180D";"[LE-GH] PP - BB - VENDA - CBO - PQ [SET.25]";"20,22";"Quente (PQ)";"Vendas / perpétuo";"Barro Branco"
"2025";"03 - Público Advantage+";"[GH] ULT.ESPCEX.25 - CAPTAÇÃO - CADASTROS - CBO - PF [SET.25]";"2535,1";"Frio (PF)";"Captação (leads)";"EsPCEx"
"2025";"02 - LEADS - P.TRIPLICE.25";"[GH] P.TRIPLICE.25 - CARRINHO ABEERTO - CBO - PQ [AGO.25]";"7,83";"Quente (PQ)";"Vendas / perpétuo";"Tríplice (AFA/EFOMM/EN)"
"2025";"03 - Checkout e PageView, AFA, EN e EFOMM - 180D";"[GH] P.TRIPLICE.25 - CARRINHO ABEERTO - CBO - PQ [AGO.25]";"95,31";"Quente (PQ)";"Vendas / perpétuo";"Tríplice (AFA/EFOMM/EN)"
"2025";"01 - LL (BR, 1%) - LEADS - OP.ESPCEX.25";"[GH] ULT.ESPCEX.25 - CAPTAÇÃO - CADASTROS - CBO - PF [SET.25]";"333,74";"Frio (PF)";"Captação (leads)";"EsPCEx"
"2025";"04 - LEADS - OP.ESPCEX.25";"[GH] ULT.ESPCEX.25 - CAPTAÇÃO - CADASTROS - CBO - PQ [SET.25]";"11,44";"Quente (PQ)";"Captação (leads)";"EsPCEx"
"2025";"01 - Envolvimento IG | 07D";"[GH] ULT.ESPCEX.25 - CAPTAÇÃO - CADASTROS - CBO - PQ [SET.25]";"135,18";"Quente (PQ)";"Captação (leads)";"EsPCEx"
"2025";"02 -  Envolvimento IG | 30D";"[GH] ULT.ESPCEX.25 - CAPTAÇÃO - CADASTROS - CBO - PQ [SET.25]";"1160,78";"Quente (PQ)";"Captação (leads)";"EsPCEx"
"2025";"01 - LL (BR, 1%) - Lead - P.TRIPLICE.24 [AGO.24] 180D";"[GH] TESTE - P.TRIPLICE.25 - CAPTAÇÃO - CADASTROS - CBO - PF [AGO.25]";"203,58";"Frio (PF)";"Captação (leads)";"Tríplice (AFA/EFOMM/EN)"
"2025";"02 - LL - (BR, 1%) - PageView - P.TRIPLICE.24 - 180D";"[GH] TESTE - P.TRIPLICE.25 - CAPTAÇÃO - CADASTROS - CBO - PF [AGO.25]";"20,05";"Frio (PF)";"Captação (leads)";"Tríplice (AFA/EFOMM/EN)"
"2025";"03 - Faltam 3 dias";"[GH] P.TRIPLICE.25 - TRÁFEGO - LEMBRETE - PQ - ABO [AGO.25]";"40,72";"Quente (PQ)";"Outros";"Tríplice (AFA/EFOMM/EN)"
"2025";"06 - É Hoje";"[GH] P.TRIPLICE.25 - TRÁFEGO - LEMBRETE - PQ - ABO [AGO.25]";"6,8";"Quente (PQ)";"Outros";"Tríplice (AFA/EFOMM/EN)"
"2025";"03 - Checkout e PageView, AFA, EN e EFOMM - 180D";"[GH] P.TRIPLICE.25 - CAPTAÇÃO - CADASTROS - CBO - PQ [AGO.25]";"70,76";"Quente (PQ)";"Captação (leads)";"Tríplice (AFA/EFOMM/EN)"
"2025";"02 -  Envolvimento IG - 30D";"[GH] P.TRIPLICE.25 - CAPTAÇÃO - CADASTROS - CBO - PQ [AGO.25]";"650,27";"Quente (PQ)";"Captação (leads)";"Tríplice (AFA/EFOMM/EN)"
"2025";"01 - Envolvimento IG - 07D";"[GH] P.TRIPLICE.25 - CAPTAÇÃO - CADASTROS - CBO - PQ [AGO.25]";"1087,47";"Quente (PQ)";"Captação (leads)";"Tríplice (AFA/EFOMM/EN)"
"2025";"01 - LEADS ACTIVE - OP.BB.25";"[GH] OP.BB.25 - VENDA - CARRINHO ABERTO - PQ - CBO [JUL.25]";"460,01";"Quente (PQ)";"Vendas / perpétuo";"Barro Branco"
"2025";"06 - [Site] Checkout - Full Barro Branco | 180D";"[GH] OP.BB.25 [FASE-04] ESCALA - HORIZONTAL - CAPTAÇÃO - LEADS - PQ - CBO [JUL.25]";"1428";"Quente (PQ)";"Captação (leads)";"Barro Branco"
"2025";"01 - Faltam 5 dias";"[GH] OP.BB.25 - TRÁFEGO - LEMBRETE - PQ - ABO [JUL.25]";"321,99";"Quente (PQ)";"Outros";"Barro Branco"
"2025";"08 - Dia 04";"[GH] OP.BB.25 - TRÁFEGO - LEMBRETE - PQ - ABO [JUL.25]";"123,37";"Quente (PQ)";"Outros";"Barro Branco"
"2025";"06 - Dia 02";"[GH] OP.BB.25 - TRÁFEGO - LEMBRETE - PQ - ABO [JUL.25]";"150";"Quente (PQ)";"Outros";"Barro Branco"
"2025";"07 - Dia 03";"[GH] OP.BB.25 - TRÁFEGO - LEMBRETE - PQ - ABO [JUL.25]";"148,95";"Quente (PQ)";"Outros";"Barro Branco"
"2025";"02 - Faltam 3 dias";"[GH] OP.BB.25 - TRÁFEGO - LEMBRETE - PQ - ABO [JUL.25]";"97,45";"Quente (PQ)";"Outros";"Barro Branco"
"2025";"05 - É Hoje";"[GH] OP.BB.25 - TRÁFEGO - LEMBRETE - PQ - ABO [JUL.25]";"234,69";"Quente (PQ)";"Outros";"Barro Branco"
"2025";"06 - IG - Seguidores | 03D";"[GH] OP.BB.25 [FASE-04] ESCALA - HORIZONTAL - CAPTAÇÃO - LEADS - PQ - CBO [JUL.25]";"234,19";"Quente (PQ)";"Captação (leads)";"Barro Branco"
"2025";"01 - PageView Full EsPCEx - 180D";"[LE-GH] RF.ESPCEX.25 - CAPTAÇÃO LIVE - RECONHECIMENTO - CBO - PQ [JUL.25]";"219,45";"Quente (PQ)";"Captação (leads)";"EsPCEx"
"2025";"07 - Dia 04";"[GH] ULT.EFOMM.25 - TRÁFEGO - LEMBRETE - PQ - ABO [JUL.25]";"24,91";"Quente (PQ)";"Outros";"EFOMM"
"2025";"03 - É Amanhã";"[GH] ULT.EFOMM.25 - TRÁFEGO - LEMBRETE - PQ - ABO [JUL.25]";"69,85";"Quente (PQ)";"Outros";"EFOMM"
"2025";"05 - Dia 02";"[GH] ULT.EFOMM.25 - TRÁFEGO - LEMBRETE - PQ - ABO [JUL.25]";"24,9";"Quente (PQ)";"Outros";"EFOMM"
"2025";"06 - Dia 03";"[GH] ULT.EFOMM.25 - TRÁFEGO - LEMBRETE - PQ - ABO [JUL.25]";"24,71";"Quente (PQ)";"Outros";"EFOMM"
"2025";"04 - É Hoje";"[GH] ULT.EFOMM.25 - TRÁFEGO - LEMBRETE - PQ - ABO [JUL.25]";"100,01";"Quente (PQ)";"Outros";"EFOMM"
"2025";"01 - Faltam 3 dias";"[GH] ULT.EFOMM.25 - TRÁFEGO - LEMBRETE - PQ - ABO [JUL.25]";"16,06";"Quente (PQ)";"Outros";"EFOMM"
"2025";"03 - LL (BR, 2%) - LEADS ACTIVE - OP.APMBB [SET.24]";"[GH] OP.BB.25 [FASE-04] ESCALA - HORIZONTAL - CAPTAÇÃO - LEADS - PC+PF - CBO [JUL.25]";"3353,39";"Frio (PF)";"Captação (leads)";"Barro Branco"
"2025";"01 - INTERESSES - OP.BB.25 [JUL.25]";"[GH] OP.BB.25 [FASE-04] ESCALA - HORIZONTAL - CAPTAÇÃO - LEADS - PC+PF - CBO [JUL.25]";"3815,03";"Frio (PF)";"Captação (leads)";"Barro Branco"
"2025";"02 - Público Advantage+";"[GH] OP.BB.25 [FASE-04] ESCALA - HORIZONTAL - CAPTAÇÃO - LEADS - PC+PF - CBO [JUL.25]";"6480,98";"Frio (PF)";"Captação (leads)";"Barro Branco"
"2025";"05 - Leads BB [ULT/OP] 23-24-25";"[GH] OP.BB.25 [FASE-04] ESCALA - HORIZONTAL - CAPTAÇÃO - LEADS - PQ - CBO [JUL.25]";"134,29";"Quente (PQ)";"Captação (leads)";"Barro Branco"
"2025";"04 -IG - Engajamento | 180D, 365D";"[GH] OP.BB.25 [FASE-04] ESCALA - HORIZONTAL - CAPTAÇÃO - LEADS - PQ - CBO [JUL.25]";"134,35";"Quente (PQ)";"Captação (leads)";"Barro Branco"
"2025";"03 -  Visualizaram 25% - Distribuição - OP.BB.25 | 365D";"[GH] OP.BB.25 [FASE-04] ESCALA - HORIZONTAL - CAPTAÇÃO - LEADS - PQ - CBO [JUL.25]";"244,43";"Quente (PQ)";"Captação (leads)";"Barro Branco"
"2025";"02 -  PageView BB [ULT/OP] 23-24-25";"[GH] OP.BB.25 [FASE-04] ESCALA - HORIZONTAL - CAPTAÇÃO - LEADS - PQ - CBO [JUL.25]";"140,76";"Quente (PQ)";"Captação (leads)";"Barro Branco"
"2025";"01 - IG - Engajamento | 07D";"[GH] OP.BB.25 [FASE-04] ESCALA - HORIZONTAL - CAPTAÇÃO - LEADS - PQ - CBO [JUL.25]";"186,7";"Quente (PQ)";"Captação (leads)";"Barro Branco"
"2025";"01 - LL (BR, 1%) - LEADS ACTIVE - OP.BB [SET.24] | PÁGINA LONGA";"[GH] OP.BB.25 [FASE-03] TESTE - PÁGINA - CAPTAÇÃO - LEADS - PF - CBO [JUL.25]";"249,95";"Frio (PF)";"Captação (leads)";"Barro Branco"
"2025";"01 - IG - Engajamento | 07D, 14D | PÁGINA CURTA";"[GH] OP.BB.25 [FASE-03] TESTE - PÁGINA - CAPTAÇÃO - LEADS - PQ - CBO [JUL.25]";"226,11";"Quente (PQ)";"Captação (leads)";"Barro Branco"
"2025";"01 - IG - Engajamento | 07D, 14D | PÁGINA LONGA";"[GH] OP.BB.25 [FASE-03] TESTE - PÁGINA - CAPTAÇÃO - LEADS - PQ - CBO [JUL.25]";"227,3";"Quente (PQ)";"Captação (leads)";"Barro Branco"
"2025";"02 - IG - Engajamento | 01D,07D,14D";"[GH] P.EPCAR.25 - CAPTAÇÃO - LEADS - PQ - CBO [JUL.25]";"91,22";"Quente (PQ)";"Captação (leads)";"EPCAr"
"2025";"03 - LL (BR, 3%) - LEADS ACTIVE - OP.APMBB [SET.24]";"[GH] OP.BB.25 [V2] [FASE-02] TESTE - PÚBLICOS - CAPTAÇÃO - LEADS - PF - CBO [JUL.25]";"281,6";"Frio (PF)";"Captação (leads)";"Barro Branco"
"2025";"02 - ABERTO -  Advantage+";"[GH] OP.BB.25 [V2] [FASE-02] TESTE - PÚBLICOS - CAPTAÇÃO - LEADS - PC - CBO [JUL.25]";"304,73";"Frio (PF)";"Captação (leads)";"Barro Branco"
"2025";"01 - INTERESSES - OP.BB.25 [JUL.25]";"[GH] OP.BB.25 [V2] [FASE-02] TESTE - PÚBLICOS - CAPTAÇÃO - LEADS - PC - CBO [JUL.25]";"281,01";"Frio (PF)";"Captação (leads)";"Barro Branco"
"2025";"04 -IG - Engajamento | 180D, 365D";"[GH] OP.BB.25 [V2] [FASE-02] TESTE - PÚBLICOS - CAPTAÇÃO - LEADS - PQ - CBO [JUL.25]";"296,46";"Quente (PQ)";"Captação (leads)";"Barro Branco"
"2025";"03 - IG - Engajamento | 60D, 90D , 120D";"[GH] OP.BB.25 [V2] [FASE-02] TESTE - PÚBLICOS - CAPTAÇÃO - LEADS - PQ - CBO [JUL.25]";"304,08";"Quente (PQ)";"Captação (leads)";"Barro Branco"
"2025";"01 - IG - Engajamento | 07D, 14D";"[GH] OP.BB.25 [V2] [FASE-02] TESTE - PÚBLICOS - CAPTAÇÃO - LEADS - PQ - CBO [JUL.25]";"300,59";"Quente (PQ)";"Captação (leads)";"Barro Branco"
"2025";"06 - [Site] Checkout - Full Barro Branco | 180D";"[GH] OP.BB.25 [V2] [FASE-02] TESTE - PÚBLICOS - CAPTAÇÃO - LEADS - PQ - CBO [JUL.25]";"2,44";"Quente (PQ)";"Captação (leads)";"Barro Branco"
"2025";"05 - Leads BB [ULT/OP] 23-24-25";"[GH] OP.BB.25 [V2] [FASE-02] TESTE - PÚBLICOS - CAPTAÇÃO - LEADS - PQ - CBO [JUL.25]";"300,22";"Quente (PQ)";"Captação (leads)";"Barro Branco"
"2025";"02 - IG - Engajamento | 30D";"[GH] OP.BB.25 [V2] [FASE-02] TESTE - PÚBLICOS - CAPTAÇÃO - LEADS - PQ - CBO [JUL.25]";"300,88";"Quente (PQ)";"Captação (leads)";"Barro Branco"
"2025";"07 -  PageView BB [ULT/OP] 23-24";"[GH] OP.BB.25 [V2] [FASE-02] TESTE - PÚBLICOS - CAPTAÇÃO - LEADS - PQ - CBO [JUL.25]";"319,19";"Quente (PQ)";"Captação (leads)";"Barro Branco"
"2025";"01 - LL (BR, 1%) - LEADS ACTIVE - OP.APMBB [SET.24]";"[GH] OP.BB.25 [V2] [FASE-02] TESTE - PÚBLICOS - CAPTAÇÃO - LEADS - PF - CBO [JUL.25]";"284,67";"Frio (PF)";"Captação (leads)";"Barro Branco"
"2025";"02 - LL (BR, 2%) - LEADS ACTIVE - OP.APMBB [SET.24]";"[GH] OP.BB.25 [V2] [FASE-02] TESTE - PÚBLICOS - CAPTAÇÃO - LEADS - PF - CBO [JUL.25]";"276,4";"Frio (PF)";"Captação (leads)";"Barro Branco"
"2025";"08 -  Vis 50% AdV_#004, 005,006  | 365D";"[GH] OP.BB.25 [V2] [FASE-02] TESTE - PÚBLICOS - CAPTAÇÃO - LEADS - PQ - CBO [JUL.25]";"332,01";"Quente (PQ)";"Captação (leads)";"Barro Branco"
"2025";"04 - É Hoje [AULA 01]";"[LE-GH] P.EPCAR.25 - TRÁFEGO - LEMBRETE LIVE - ABO - PQ [JUL.25]";"72,21";"Quente (PQ)";"Outros";"EPCAr"
"2025";"01 - LL (BR, 1%) - LEADS ACTIVE - OP.APMBB [SET.24]";"[GH] OP.BB.25 [V1] [FASE-02] TESTE - PÚBLICOS - CAPTAÇÃO - LEADS - PF - CBO [JUL.25]";"53,02";"Frio (PF)";"Captação (leads)";"Barro Branco"
"2025";"02 - LL (BR, 2%) - LEADS ACTIVE - OP.APMBB [SET.24]";"[GH] OP.BB.25 [V1] [FASE-02] TESTE - PÚBLICOS - CAPTAÇÃO - LEADS - PF - CBO [JUL.25]";"13,12";"Frio (PF)";"Captação (leads)";"Barro Branco"
"2025";"03 - LL (BR, 3%) - LEADS ACTIVE - OP.APMBB [SET.24]";"[GH] OP.BB.25 [V1] [FASE-02] TESTE - PÚBLICOS - CAPTAÇÃO - LEADS - PF - CBO [JUL.25]";"22,54";"Frio (PF)";"Captação (leads)";"Barro Branco"
"2025";"02 - ABERTO - Posicionamentos Advantage+";"[GH] OP.BB.25 [V1] [FASE-02] TESTE - PÚBLICOS - CAPTAÇÃO - LEADS - PC - CBO [JUL.25]";"49,71";"Frio (PF)";"Captação (leads)";"Barro Branco"
"2025";"01 - INTERESSES - OP.BB.25 [JUL.25]";"[GH] OP.BB.25 [V1] [FASE-02] TESTE - PÚBLICOS - CAPTAÇÃO - LEADS - PC - CBO [JUL.25]";"5,99";"Frio (PF)";"Captação (leads)";"Barro Branco"
"2025";"03 - ABERTO";"[GH] OP.BB.25 [V1] [FASE-02] TESTE - PÚBLICOS - CAPTAÇÃO - LEADS - PC - CBO [JUL.25]";"36,89";"Frio (PF)";"Captação (leads)";"Barro Branco"
"2025";"04 -IG - Engajamento | 180D, 365D";"[GH] OP.BB.25 [V1] [FASE-02] TESTE - PÚBLICOS - CAPTAÇÃO - LEADS - PQ - CBO [JUL.25]";"55,79";"Quente (PQ)";"Captação (leads)";"Barro Branco"
"2025";"05 - Leads BB [ULT/OP] 23-24-25";"[GH] OP.BB.25 [V1] [FASE-02] TESTE - PÚBLICOS - CAPTAÇÃO - LEADS - PQ - CBO [JUL.25]";"5,88";"Quente (PQ)";"Captação (leads)";"Barro Branco"
"2025";"03 - IG - Engajamento | 60D, 90D , 120D";"[GH] OP.BB.25 [V1] [FASE-02] TESTE - PÚBLICOS - CAPTAÇÃO - LEADS - PQ - CBO [JUL.25]";"15,71";"Quente (PQ)";"Captação (leads)";"Barro Branco"
"2025";"01 - IG - Engajamento | 07D, 14D";"[GH] OP.BB.25 [V1] [FASE-02] TESTE - PÚBLICOS - CAPTAÇÃO - LEADS - PQ - CBO [JUL.25]";"8,64";"Quente (PQ)";"Captação (leads)";"Barro Branco"
"2025";"02 - IG - Engajamento | 30D";"[GH] OP.BB.25 [V1] [FASE-02] TESTE - PÚBLICOS - CAPTAÇÃO - LEADS - PQ - CBO [JUL.25]";"9,96";"Quente (PQ)";"Captação (leads)";"Barro Branco"
"2025";"07 -  PageView BB [ULT/OP] 23-24";"[GH] OP.BB.25 [V1] [FASE-02] TESTE - PÚBLICOS - CAPTAÇÃO - LEADS - PQ - CBO [JUL.25]";"1,17";"Quente (PQ)";"Captação (leads)";"Barro Branco"
"2025";"00 - INTERESSES - OP.BB.25 [JUN.25]";"[GH] OP.BB.25 -  DISTRIBUIÇÃO - PF - ABO [JUL.25]";"925,79";"Frio (PF)";"Outros";"Barro Branco"
"2025";"01 - LL (BR, 1%) - LEADS - ULT.BB.25 [JUN.25]";"[GH] OP.BB.25 -  DISTRIBUIÇÃO - PF - ABO [JUL.25]";"940,76";"Frio (PF)";"Outros";"Barro Branco"
"2025";"01 - AdV_#001 - INTERESSES - OP.BB.25 [JUN.25]";"[GH] OP.BB.25 [FASE-01] TESTE - CRIATIVOS - CAPTAÇÃO - LEADS - PC - ABO [JUL.25]";"102,21";"Frio (PF)";"Captação (leads)";"Barro Branco"
"2025";"08 - AdE_#001 - INTERESSES - OP.BB.25 [JUN.25]";"[GH] OP.BB.25 [FASE-01] TESTE - CRIATIVOS - CAPTAÇÃO - LEADS - PC - ABO [JUL.25]";"97,1";"Frio (PF)";"Captação (leads)";"Barro Branco"
"2025";"07 - AdV_#007 - INTERESSES - OP.BB.25 [JUN.25]";"[GH] OP.BB.25 [FASE-01] TESTE - CRIATIVOS - CAPTAÇÃO - LEADS - PC - ABO [JUL.25]";"59,4";"Frio (PF)";"Captação (leads)";"Barro Branco"
"2025";"02 - AdV_#002 - INTERESSES - OP.BB.25 [JUN.25]";"[GH] OP.BB.25 [FASE-01] TESTE - CRIATIVOS - CAPTAÇÃO - LEADS - PC - ABO [JUL.25]";"62,71";"Frio (PF)";"Captação (leads)";"Barro Branco"
"2025";"05 - AdV_#005 - INTERESSES - OP.BB.25 [JUN.25]";"[GH] OP.BB.25 [FASE-01] TESTE - CRIATIVOS - CAPTAÇÃO - LEADS - PC - ABO [JUL.25]";"59,71";"Frio (PF)";"Captação (leads)";"Barro Branco"
"2025";"03 - AdV_#003 - INTERESSES - OP.BB.25 [JUN.25]";"[GH] OP.BB.25 [FASE-01] TESTE - CRIATIVOS - CAPTAÇÃO - LEADS - PC - ABO [JUL.25]";"61,77";"Frio (PF)";"Captação (leads)";"Barro Branco"
"2025";"10 - AdE_#003 - INTERESSES - OP.BB.25 [JUN.25]";"[GH] OP.BB.25 [FASE-01] TESTE - CRIATIVOS - CAPTAÇÃO - LEADS - PC - ABO [JUL.25]";"92,66";"Frio (PF)";"Captação (leads)";"Barro Branco"
"2025";"09 - AdE_#002 - INTERESSES - OP.BB.25 [JUN.25]";"[GH] OP.BB.25 [FASE-01] TESTE - CRIATIVOS - CAPTAÇÃO - LEADS - PC - ABO [JUL.25]";"60,44";"Frio (PF)";"Captação (leads)";"Barro Branco"
"2025";"04 - AdV_#004 - INTERESSES - OP.BB.25 [JUN.25]";"[GH] OP.BB.25 [FASE-01] TESTE - CRIATIVOS - CAPTAÇÃO - LEADS - PC - ABO [JUL.25]";"97,77";"Frio (PF)";"Captação (leads)";"Barro Branco"
"2025";"06 - AdV_#006 - INTERESSES - OP.BB.25 [JUN.25]";"[GH] OP.BB.25 [FASE-01] TESTE - CRIATIVOS - CAPTAÇÃO - LEADS - PC - ABO [JUL.25]";"102,03";"Frio (PF)";"Captação (leads)";"Barro Branco"
"2025";"10 - AdE_#003 - LL (BR, 1%) - LEADS ACTIVE - OP.APMBB [SET.24]";"[GH] OP.BB.25 [FASE-01] TESTE - CRIATIVOS - CAPTAÇÃO - LEADS - PF - ABO [JUL.25]";"37,96";"Frio (PF)";"Captação (leads)";"Barro Branco"
"2025";"04 - AdV_#004 - LL (BR, 1%) - LEADS ACTIVE - OP.APMBB [SET.24]";"[GH] OP.BB.25 [FASE-01] TESTE - CRIATIVOS - CAPTAÇÃO - LEADS - PF - ABO [JUL.25]";"35,72";"Frio (PF)";"Captação (leads)";"Barro Branco"
"2025";"07 - AdV_#007 - LL (BR, 1%) - LEADS ACTIVE - OP.APMBB [SET.24]";"[GH] OP.BB.25 [FASE-01] TESTE - CRIATIVOS - CAPTAÇÃO - LEADS - PF - ABO [JUL.25]";"38,36";"Frio (PF)";"Captação (leads)";"Barro Branco"
"2025";"09 - AdE_#002 - LL (BR, 1%) - LEADS ACTIVE - OP.APMBB [SET.24]";"[GH] OP.BB.25 [FASE-01] TESTE - CRIATIVOS - CAPTAÇÃO - LEADS - PF - ABO [JUL.25]";"39,38";"Frio (PF)";"Captação (leads)";"Barro Branco"
"2025";"08 - AdE_#001 - LL (BR, 1%) - LEADS ACTIVE - OP.APMBB [SET.24]";"[GH] OP.BB.25 [FASE-01] TESTE - CRIATIVOS - CAPTAÇÃO - LEADS - PF - ABO [JUL.25]";"39,46";"Frio (PF)";"Captação (leads)";"Barro Branco"
"2025";"03 - AdV_#003 - LL (BR, 1%) - LEADS ACTIVE - OP.APMBB [SET.24]";"[GH] OP.BB.25 [FASE-01] TESTE - CRIATIVOS - CAPTAÇÃO - LEADS - PF - ABO [JUL.25]";"36,54";"Frio (PF)";"Captação (leads)";"Barro Branco"
"2025";"05 - AdV_#005 - LL (BR, 1%) - LEADS ACTIVE - OP.APMBB [SET.24]";"[GH] OP.BB.25 [FASE-01] TESTE - CRIATIVOS - CAPTAÇÃO - LEADS - PF - ABO [JUL.25]";"40,05";"Frio (PF)";"Captação (leads)";"Barro Branco"
"2025";"02 - AdV_#002 - LL (BR, 1%) - LEADS ACTIVE - OP.APMBB [SET.24]";"[GH] OP.BB.25 [FASE-01] TESTE - CRIATIVOS - CAPTAÇÃO - LEADS - PF - ABO [JUL.25]";"36,05";"Frio (PF)";"Captação (leads)";"Barro Branco"
"2025";"01 - AdV_#001 - LL (BR, 1%) - LEADS ACTIVE - OP.APMBB [SET.24]";"[GH] OP.BB.25 [FASE-01] TESTE - CRIATIVOS - CAPTAÇÃO - LEADS - PF - ABO [JUL.25]";"38,69";"Frio (PF)";"Captação (leads)";"Barro Branco"
"2025";"06 - AdV_#006 - LL (BR, 1%) - LEADS ACTIVE - OP.APMBB [SET.24]";"[GH] OP.BB.25 [FASE-01] TESTE - CRIATIVOS - CAPTAÇÃO - LEADS - PF - ABO [JUL.25]";"38,48";"Frio (PF)";"Captação (leads)";"Barro Branco"
"2025";"06 - AdV_#006 - Teaser  - IG - Engajamento | 30D";"[GH] OP.BB.25 [FASE-01] TESTE - CRIATIVOS - CAPTAÇÃO - LEADS - PQ - ABO [JUL.25]";"60,61";"Quente (PQ)";"Captação (leads)";"Barro Branco"
"2025";"01 - IG - Engajamento | 30D,60D,90D";"[GH] P.EPCAR.25 - CAPTAÇÃO - LEADS - PQ - CBO [JUL.25]";"199,24";"Quente (PQ)";"Captação (leads)";"EPCAr"
"2025";"03 - IG - Engajamento | 90D,180D";"[GH] P.EPCAR.25 - CAPTAÇÃO - LEADS - PQ - CBO [JUL.25]";"98,1";"Quente (PQ)";"Captação (leads)";"EPCAr"
"2025";"02 - AdV_#003 - Aprovado x Reprovado - IG - Engajamento | 90D";"[GH] P.EPCAR - TESTE - CRIATIVOS - CAPTAÇÃO - LEADS - PQ - ABO [JUL.25].25";"60,18";"Quente (PQ)";"Captação (leads)";"EPCAr"
"2025";"05 - AdV_#006 - Sonho - IG - Engajamento | 90D";"[GH] P.EPCAR - TESTE - CRIATIVOS - CAPTAÇÃO - LEADS - PQ - ABO [JUL.25].25";"59,62";"Quente (PQ)";"Captação (leads)";"EPCAr"
"2025";"04 - AdV_#005 - Institucional - Cesinha - IG - Engajamento | 90D";"[GH] P.EPCAR - TESTE - CRIATIVOS - CAPTAÇÃO - LEADS - PQ - ABO [JUL.25].25";"59,63";"Quente (PQ)";"Captação (leads)";"EPCAr"
"2025";"03 - AdV_#004 - Sonho - IG - Engajamento | 90D";"[GH] P.EPCAR - TESTE - CRIATIVOS - CAPTAÇÃO - LEADS - PQ - ABO [JUL.25].25";"60,95";"Quente (PQ)";"Captação (leads)";"EPCAr"
"2025";"01 - AdV_#001 - Institucional - Baltar - IG - Engajamento | 90D";"[GH] P.EPCAR - TESTE - CRIATIVOS - CAPTAÇÃO - LEADS - PQ - ABO [JUL.25].25";"58,33";"Quente (PQ)";"Captação (leads)";"EPCAr"
"2025";"08 - AdE_#001 - Institucional - IG - Engajamento | 30D";"[GH] OP.BB.25 [FASE-01] TESTE - CRIATIVOS - CAPTAÇÃO - LEADS - PQ - ABO [JUL.25]";"73,33";"Quente (PQ)";"Captação (leads)";"Barro Branco"
"2025";"09 - AdE_#002 - Institucional longo - IG - Engajamento | 30D";"[GH] OP.BB.25 [FASE-01] TESTE - CRIATIVOS - CAPTAÇÃO - LEADS - PQ - ABO [JUL.25]";"115,13";"Quente (PQ)";"Captação (leads)";"Barro Branco"
"2025";"10 - AdE_#003 - G1 - IG - Engajamento | 30D";"[GH] OP.BB.25 [FASE-01] TESTE - CRIATIVOS - CAPTAÇÃO - LEADS - PQ - ABO [JUL.25]";"80,27";"Quente (PQ)";"Captação (leads)";"Barro Branco"
"2025";"07 - AdV_#007 - Reprovados  - IG - Engajamento | 30D";"[GH] OP.BB.25 [FASE-01] TESTE - CRIATIVOS - CAPTAÇÃO - LEADS - PQ - ABO [JUL.25]";"74,98";"Quente (PQ)";"Captação (leads)";"Barro Branco"
"2025";"04 - AdV_#004 - Você poderia estar lá - IG - Engajamento | 30D";"[GH] OP.BB.25 [FASE-01] TESTE - CRIATIVOS - CAPTAÇÃO - LEADS - PQ - ABO [JUL.25]";"72,64";"Quente (PQ)";"Captação (leads)";"Barro Branco"
"2025";"05 - AdV_#005 - Tempo - IG - Engajamento | 30D";"[GH] OP.BB.25 [FASE-01] TESTE - CRIATIVOS - CAPTAÇÃO - LEADS - PQ - ABO [JUL.25]";"76,07";"Quente (PQ)";"Captação (leads)";"Barro Branco"
"2025";"03 - AdV_#003 - Demora pra passar - IG - Engajamento | 30D";"[GH] OP.BB.25 [FASE-01] TESTE - CRIATIVOS - CAPTAÇÃO - LEADS - PQ - ABO [JUL.25]";"118,9";"Quente (PQ)";"Captação (leads)";"Barro Branco"
"2025";"02 - AdV_#002 - Macetes e fingimentos - IG - Engajamento | 30D";"[GH] OP.BB.25 [FASE-01] TESTE - CRIATIVOS - CAPTAÇÃO - LEADS - PQ - ABO [JUL.25]";"75,46";"Quente (PQ)";"Captação (leads)";"Barro Branco"
"2025";"01 - AdV_#001 - institucional - IG - Engajamento | 30D";"[GH] OP.BB.25 [FASE-01] TESTE - CRIATIVOS - CAPTAÇÃO - LEADS - PQ - ABO [JUL.25]";"116,62";"Quente (PQ)";"Captação (leads)";"Barro Branco"
"2025";"02 - [AULA 03]";"[LE-GH] ULT.APMBB.25 - TRÁFEGO - LEMBRETE LIVE - ABO - PQ [JUL.25]";"24,93";"Quente (PQ)";"Outros";"Barro Branco"
"2025";"00 - É Hoje [AULA 01]";"[LE-GH] ULT.APMBB.25 - TRÁFEGO - LEMBRETE LIVE - ABO - PQ [JUL.25]";"79,21";"Quente (PQ)";"Outros";"Barro Branco"
"2025";"01 - [AULA 02]";"[LE-GH] ULT.APMBB.25 - TRÁFEGO - LEMBRETE LIVE - ABO - PQ [JUL.25]";"49,15";"Quente (PQ)";"Outros";"Barro Branco"
"2025";"03 - [AULA 04]";"[LE-GH] ULT.APMBB.25 - TRÁFEGO - LEMBRETE LIVE - ABO - PQ [JUL.25]";"24,91";"Quente (PQ)";"Outros";"Barro Branco"
"2025";"01 - INTERESSES APMBB";"[LE-GH] ULT.APMBB.25 - CAPTAÇÃO - CADASTROS - CBO - PF [JUL.25]";"2041,29";"Frio (PF)";"Captação (leads)";"Barro Branco"
"2025";"00 - LL (BR, 1%) LEADS - OP.APMBB.24 [JUL.25]";"[LE-GH] ULT.APMBB.25 - CAPTAÇÃO - CADASTROS - CBO - PF [JUL.25]";"11,65";"Frio (PF)";"Captação (leads)";"Barro Branco"
"2025";"03 - LEADS - OP.APMBB.24";"[LE-GH] ULT.APMBB.25 - CAPTAÇÃO - CADASTROS - CBO - PQ [JUL.25]";"8,57";"Quente (PQ)";"Captação (leads)";"Barro Branco"
"2025";"05 -  Site_Home | 90D";"[LE-GH] ANIVERSÁRIOTM.25 - CONVERSÃO - CBO [JUN.25]";"35,37";"Sem classificação";"Vendas / perpétuo";"Outros / matérias"
"2025";"01 - Envolvimento IG | 14D";"[LE-GH] ANIVERSÁRIOTM.25 - CONVERSÃO - CBO [JUN.25]";"637,64";"Quente (PQ)";"Vendas / perpétuo";"Outros / matérias"
"2025";"06 -  Checkout Geral | 90D";"[LE-GH] ANIVERSÁRIOTM.25 - CONVERSÃO - CBO [JUN.25]";"1,13";"Quente (PQ)";"Vendas / perpétuo";"Outros / matérias"
"2025";"00 - Envolvimento IG | 07D";"[LE-GH] ANIVERSÁRIOTM.25 - CONVERSÃO - CBO [JUN.25]";"4060,43";"Quente (PQ)";"Vendas / perpétuo";"Outros / matérias"
"2025";"02 - Envolvimento IG | 30D";"[LE-GH] ANIVERSÁRIOTM.25 - CONVERSÃO - CBO [JUN.25]";"309,34";"Quente (PQ)";"Vendas / perpétuo";"Outros / matérias"
"2025";"03 - Envolvimento IG | 90D";"[LE-GH] ANIVERSÁRIOTM.25 - CONVERSÃO - CBO [JUN.25]";"135,69";"Quente (PQ)";"Vendas / perpétuo";"Outros / matérias"
"2025";"04 - LEADS ACTIVE - 22_05_2025";"[LE-GH] ANIVERSÁRIOTM.25 - CONVERSÃO - CBO [JUN.25]";"19,89";"Quente (PQ)";"Vendas / perpétuo";"Outros / matérias"
"2025";"07 -  Site_Home | 90D";"[LE-GH] ANIVERSÁRIOTM.25 - RECONHECIMENTO - CBO [JUN.25]";"5,75";"Sem classificação";"Outros";"Outros / matérias"
"2025";"00 - Lista Leads Active Campaing";"[LE-GH] ANIVERSÁRIOTM.25 - RECONHECIMENTO - CBO [JUN.25]";"93,21";"Quente (PQ)";"Outros";"Outros / matérias"
"2025";"01 - Envolvimento IG | 07D";"[LE-GH] OP.CBMERJ.25 - CARRINHO ABERTO - CONVERSÃO [MAR.25] [ABR.25]";"726,2";"Quente (PQ)";"Vendas / perpétuo";"CBMERJ"
"2025";"03 - É hoje [AULA 01]";"[LE-GH] OP.CBMERJ.25 - LEMBRETE LIVE - TRÁFEGO [ABR.25]";"217,62";"Sem classificação";"Outros";"CBMERJ"
"2025";"02 - É amanhã";"[LE-GH] OP.CBMERJ.25 - LEMBRETE LIVE - TRÁFEGO [ABR.25]";"147,94";"Sem classificação";"Outros";"CBMERJ"
"2025";"01 - Faltam 2 dias";"[LE-GH] OP.CBMERJ.25 - LEMBRETE LIVE - TRÁFEGO [ABR.25]";"99,99";"Sem classificação";"Outros";"CBMERJ"
"2025";"00 - Faltam 3 dias";"[LE-GH] OP.CBMERJ.25 - LEMBRETE LIVE - TRÁFEGO [ABR.25]";"177,04";"Sem classificação";"Outros";"CBMERJ"
"2025";"02 - Interesses Gerais CBMERJ";"[LE-GH] OP.CBMERJ.25 - CAPTAÇÃO - CADASTROS - CBO - PF  [ABR.25]";"2523,27";"Frio (PF)";"Captação (leads)";"CBMERJ"
"2025";"00 - [Feed] LL (BR, 1%) [Site] Checkout - APMBB | 180D";"[LE-GH] OP.CBMERJ.25 - CAPTAÇÃO - CADASTROS - CBO - PF  [ABR.25]";"47,43";"Frio (PF)";"Captação (leads)";"CBMERJ"
"2025";"02 - Interesses - APMBB e CBMERJ";"[LE-GH] OP.CBMERJ.25 - CAPTAÇÃO - CADASTROS - CBO - PF  [ABR.25]";"1821,21";"Frio (PF)";"Captação (leads)";"CBMERJ"
"2025";"01 - [Feed] Envolvimento IG | 07D";"[LE-GH] OP.CBMERJ.25 - CAPTAÇÃO - CADASTROS - CBO - PQ [ABR.25]";"178,21";"Quente (PQ)";"Captação (leads)";"CBMERJ"
"2025";"03 - [Feed] Envolvimento IG | 90D";"[LE-GH] OP.CBMERJ.25 - CAPTAÇÃO - CADASTROS - CBO - PQ [ABR.25]";"954,72";"Quente (PQ)";"Captação (leads)";"CBMERJ"
"2025";"00 - [Feed] PageView e Checkout APMBB | 180D";"[LE-GH] OP.CBMERJ.25 - CAPTAÇÃO - CADASTROS - CBO - PQ [ABR.25]";"1,44";"Quente (PQ)";"Captação (leads)";"CBMERJ"
"2025";"02 - [Stories/Reels] Envolvimento IG | 30D";"[LE-GH] OP.CBMERJ.25 - CAPTAÇÃO - CADASTROS - CBO - PQ [ABR.25]";"412,98";"Quente (PQ)";"Captação (leads)";"CBMERJ"
"2025";"01 - Envolvimento IG | 07D";"[LE-GH] OP.VEST.25 - CARRINHO ABERTO - CONVERSÃO [MAR.25]";"670,3";"Quente (PQ)";"Vendas / perpétuo";"Outros / matérias"
"2025";"01 - Faltam 2 dias";"[LE-GH] OP.VEST.25 - LEMBRETE LIVE - TRÁFEGO [MAR.25]";"222,51";"Sem classificação";"Outros";"Outros / matérias"
"2025";"00 - Faltam 3 dias";"[LE-GH] OP.VEST.25 - LEMBRETE LIVE - TRÁFEGO [MAR.25]";"105,14";"Sem classificação";"Outros";"Outros / matérias"
"2025";"03 - É hoje [AULA 01]";"[LE-GH] OP.VEST.25 - LEMBRETE LIVE - TRÁFEGO [MAR.25]";"731,51";"Sem classificação";"Outros";"Outros / matérias"
"2025";"02 - É amanhã";"[LE-GH] OP.VEST.25 - LEMBRETE LIVE - TRÁFEGO [MAR.25]";"349,38";"Sem classificação";"Outros";"Outros / matérias"
"2025";"03 - LEADS - ACTIVE [MAR.25]";"[LE-GH] OP.VEST.25 - CAPTAÇÃO - CADASTROS - CBO - PQ [MAR.25]";"18,03";"Quente (PQ)";"Captação (leads)";"Outros / matérias"
"2025";"01 - IG - Engajamento | 60, 90D";"[LE-GH] OP.VEST.25 - CAPTAÇÃO - CADASTROS - CBO - PQ [MAR.25]";"171,8";"Quente (PQ)";"Captação (leads)";"Outros / matérias"
"2025";"02 - IG - Engajamento | 180, 365D";"[LE-GH] OP.VEST.25 - CAPTAÇÃO - CADASTROS - CBO - PQ [MAR.25]";"276,04";"Quente (PQ)";"Captação (leads)";"Outros / matérias"
"2025";"00 - IG - Engajamento | 07, 14, 30D";"[LE-GH] OP.VEST.25 - CAPTAÇÃO - CADASTROS - CBO - PQ [MAR.25]";"640,03";"Quente (PQ)";"Captação (leads)";"Outros / matérias"
"2025";"00 - [Site] PageView - Full ESA | 180D";"[LE-GH] OP.ESA.25 - CARRINHO ABERTO - CONVERSÃO [FEV.25]";"0,46";"Quente (PQ)";"Vendas / perpétuo";"ESA"
"2025";"01 - Envolvimento IG | 07D";"[LE-GH] OP.ESA.25 - CARRINHO ABERTO - CONVERSÃO [FEV.25]";"870,68";"Quente (PQ)";"Vendas / perpétuo";"ESA"
"2025";"00 - Faltam 3 dias";"[LE-GH] OP.ESA.25 - LEMBRETE LIVE - TRÁFEGO [JAN.25]";"153,35";"Sem classificação";"Outros";"ESA"
"2025";"01 - Faltam 2 dias";"[LE-GH] OP.ESA.25 - LEMBRETE LIVE - TRÁFEGO [JAN.25]";"99,94";"Sem classificação";"Outros";"ESA"
"2025";"02 - É amanhã";"[LE-GH] OP.ESA.25 - LEMBRETE LIVE - TRÁFEGO [JAN.25]";"248,37";"Sem classificação";"Outros";"ESA"
"2025";"04 - [AULA 02]";"[LE-GH] OP.ESA.25 - LEMBRETE LIVE - TRÁFEGO [JAN.25]";"150,03";"Sem classificação";"Outros";"ESA"
"2025";"03 - É hoje [AULA 01]";"[LE-GH] OP.ESA.25 - LEMBRETE LIVE - TRÁFEGO [JAN.25]";"189,43";"Sem classificação";"Outros";"ESA"
"2025";"05 - [AULA 03]";"[LE-GH] OP.ESA.25 - LEMBRETE LIVE - TRÁFEGO [JAN.25]";"199,16";"Sem classificação";"Outros";"ESA"
"2025";"06 - [AULA 04]";"[LE-GH] OP.ESA.25 - LEMBRETE LIVE - TRÁFEGO [JAN.25]";"186,44";"Sem classificação";"Outros";"ESA"
"2025";"03 - LL (BR, 1%) - Leads Active - Novembro.24 | 90D";"[LE-GH] OP.ESA.25 - CAPTAÇÃO - CADASTROS - CBO - PF [FEV.25]";"638,43";"Frio (PF)";"Captação (leads)";"ESA"
"2025";"00 - LL (BR, 1%) Lista alunos";"[LE-GH] OP.ESA.25 - CAPTAÇÃO - CADASTROS - CBO - PF [FEV.25]";"1618,1";"Frio (PF)";"Captação (leads)";"ESA"
"2025";"04 - PF - INTERESSE";"[LE-GH] OP.ESA.25 - CAPTAÇÃO - CADASTROS - CBO - PF [FEV.25]";"444,5";"Frio (PF)";"Captação (leads)";"ESA"
"2025";"01 - LL (BR, 1%) [Site] Compra | 180D";"[LE-GH] OP.ESA.25 - CAPTAÇÃO - CADASTROS - CBO - PF [FEV.25]";"97,84";"Frio (PF)";"Captação (leads)";"ESA"
"2025";"01 - IG - Engajamento | 60, 90D";"[LE-GH] OP.ESA.25 - CAPTAÇÃO - CADASTROS - CBO - PQ [FEV.25]";"276,21";"Quente (PQ)";"Captação (leads)";"ESA"
"2025";"02 - IG - Engajamento | 180, 365D";"[LE-GH] OP.ESA.25 - CAPTAÇÃO - CADASTROS - CBO - PQ [FEV.25]";"298,13";"Quente (PQ)";"Captação (leads)";"ESA"
"2025";"00 - IG - Engajamento | 07, 14, 30D";"[LE-GH] OP.ESA.25 - CAPTAÇÃO - CADASTROS - CBO - PQ [FEV.25]";"592,95";"Quente (PQ)";"Captação (leads)";"ESA"
"2025";"00 - IG - Engajamento | 07, 14, 30D";"[LE-GH] OP.ESA.25 - CAPTAÇÃO - CADASTROS - CBO - PQ [FEV.25] - TESTE";"6,97";"Quente (PQ)";"Captação (leads)";"ESA"
"2025";"01 - IG - Engajamento | 60, 90D";"[LE-GH] OP.ESA.25 - CAPTAÇÃO - CADASTROS - CBO - PQ [FEV.25] - TESTE";"1,51";"Quente (PQ)";"Captação (leads)";"ESA"
"2025";"02 - IG - Engajamento | 180, 365D";"[LE-GH] OP.ESA.25 - CAPTAÇÃO - CADASTROS - CBO - PQ [FEV.25] - TESTE";"0,42";"Quente (PQ)";"Captação (leads)";"ESA"
"2025";"05 - Checkout Geral | 180D";"[LE-GH] CARRINHO ABERTO - CONVERSÃO - MAT.BAS.25 [JAN.25]";"0,12";"Quente (PQ)";"Vendas / perpétuo";"Matemática Básica"
"2025";"03 - Leads Active [JAN.25]";"[LE-GH] CARRINHO ABERTO - CONVERSÃO - MAT.BAS.25 [JAN.25]";"71,55";"Quente (PQ)";"Vendas / perpétuo";"Matemática Básica"
"2025";"01 - Envolvimento IG | 07D";"[LE-GH] CARRINHO ABERTO - CONVERSÃO - MAT.BAS.25 [JAN.25]";"2072,04";"Quente (PQ)";"Vendas / perpétuo";"Matemática Básica"
"2025";"00 - PageView HOME - MAT.BAS.25 [JAN.25]";"[LE-GH] CARRINHO ABERTO - CONVERSÃO - MAT.BAS.25 [JAN.25]";"58,81";"Quente (PQ)";"Vendas / perpétuo";"Matemática Básica"
"2025";"00 - Faltam 5 dias";"[LE-GH] LEMBRETE LIVE - TRÁFEGO - MAT.BAS.25 [JAN.25]";"99,94";"Sem classificação";"Outros";"Matemática Básica"
"2025";"07 - [AULA 03]";"[LE-GH] LEMBRETE LIVE - TRÁFEGO - MAT.BAS.25 [JAN.25]";"341,39";"Sem classificação";"Outros";"Matemática Básica"
"2025";"06 - [AULA 02]";"[LE-GH] LEMBRETE LIVE - TRÁFEGO - MAT.BAS.25 [JAN.25]";"171,21";"Sem classificação";"Outros";"Matemática Básica"
"2025";"03 - Faltam 2 dias";"[LE-GH] LEMBRETE LIVE - TRÁFEGO - MAT.BAS.25 [JAN.25]";"247,85";"Sem classificação";"Outros";"Matemática Básica"
"2025";"05 - É hoje [AULA 01]";"[LE-GH] LEMBRETE LIVE - TRÁFEGO - MAT.BAS.25 [JAN.25]";"378,6";"Sem classificação";"Outros";"Matemática Básica"
"2025";"02 - Faltam 3 dias";"[LE-GH] LEMBRETE LIVE - TRÁFEGO - MAT.BAS.25 [JAN.25]";"199,13";"Sem classificação";"Outros";"Matemática Básica"
"2025";"04 - É amanhã";"[LE-GH] LEMBRETE LIVE - TRÁFEGO - MAT.BAS.25 [JAN.25]";"288,11";"Sem classificação";"Outros";"Matemática Básica"
"2025";"08 - [AULA 04]";"[LE-GH] LEMBRETE LIVE - TRÁFEGO - MAT.BAS.25 [JAN.25]";"407,79";"Sem classificação";"Outros";"Matemática Básica"
"2025";"01 - Faltam 4 dias";"[LE-GH] LEMBRETE LIVE - TRÁFEGO - MAT.BAS.25 [JAN.25]";"147,65";"Sem classificação";"Outros";"Matemática Básica"
"2025";"00 - Leads Active";"[LE-GH] CAPTAÇÃO - LEAD - MAT.BAS.25 [JAN.25] - PQ";"17,02";"Quente (PQ)";"Captação (leads)";"Matemática Básica"
"2025";"03 - LL (BR, 1%) - Leads Active - Novembro.24 | 90D";"[LE-GH] CAPTAÇÃO - LEAD - MAT.BAS.25 [JAN.25] - PF";"21,86";"Frio (PF)";"Captação (leads)";"Matemática Básica"
"2025";"01 - LL (BR, 1%) [Site] Compra | 180D";"[LE-GH] CAPTAÇÃO - LEAD - MAT.BAS.25 [JAN.25] - PF";"665,49";"Frio (PF)";"Captação (leads)";"Matemática Básica"
"2025";"00 - LL (BR, 1%) Lista alunos";"[LE-GH] CAPTAÇÃO - LEAD - MAT.BAS.25 [JAN.25] - PF";"1221,44";"Frio (PF)";"Captação (leads)";"Matemática Básica"
"2025";"01 - [Site] PageView - Geral | 180D";"[LE-GH] CAPTAÇÃO - LEAD - MAT.BAS.25 [JAN.25] - PQ";"18,13";"Quente (PQ)";"Captação (leads)";"Matemática Básica"
"2025";"03 - Envolvimento IG | 14D";"[LE-GH] CAPTAÇÃO - LEAD - MAT.BAS.25 [JAN.25] - PQ";"180,63";"Quente (PQ)";"Captação (leads)";"Matemática Básica"
"2025";"04 - Envolvimento IG | 30";"[LE-GH] CAPTAÇÃO - LEAD - MAT.BAS.25 [JAN.25] - PQ";"171,19";"Quente (PQ)";"Captação (leads)";"Matemática Básica"
"2025";"02 - Envolvimento IG | 07D";"[LE-GH] CAPTAÇÃO - LEAD - MAT.BAS.25 [JAN.25] - PQ";"672,19";"Quente (PQ)";"Captação (leads)";"Matemática Básica"
"2025";"04 - PF - INTERESSE";"[LE-GH] CAPTAÇÃO - LEAD - MAT.BAS.25 [JAN.25] - PF";"822,05";"Frio (PF)";"Captação (leads)";"Matemática Básica"
"2025";"00 - Envolvimento IG | 07D";"[LE-GH] PP - ESPCEX - CONVERSÃO - CBO - PQ [MAR.24]";"8641,42";"Quente (PQ)";"Vendas / perpétuo";"EsPCEx"
"2025";"01 - Envolvimento IG | 14D";"[LE-GH] PP - ESPCEX - CONVERSÃO - CBO - PQ [MAR.24]";"2022,74";"Quente (PQ)";"Vendas / perpétuo";"EsPCEx"
"2025";"03 - PageView Home | 30D";"[LE-GH] PP - ESPCEX - CONVERSÃO - CBO - PQ [MAR.24]";"1572,98";"Quente (PQ)";"Vendas / perpétuo";"EsPCEx"
"2025";"04 -  Público Advantage+";"[GH]  OP.ESPCEX.26 - DISTRIBUIÇÃO - PF - ABO [SET.25]";"623,86";"Frio (PF)";"Outros";"EsPCEx"
"2025";"01 - Faltam 5 dias";"[GH] P.TRIPLICE.25 - TRÁFEGO - LEMBRETE - PQ - ABO [AGO.25]";"113,01";"Quente (PQ)";"Outros";"Tríplice (AFA/EFOMM/EN)"
"2025";"Faltam 3 Dias  - IG - Engajamento | 07D";"[GH] EPCAR.25 - RECONHECIMENTO - CBO [JUN.25]";"33,33";"Quente (PQ)";"Outros";"EPCAr"
"2025";"05 - Barro Branco [TESTE]";"[LE-GH] PP - ESPCEX - CONVERSÃO - CBO - PQ [MAR.24]";"3877,97";"Quente (PQ)";"Vendas / perpétuo";"EsPCEx"
"2026";"06 - Dia 28/09";"[GH] OP.ESPCEX.27 - AQUECIMENTO - LIVE - CBO - PQ [SET.26]";"21,1";"Quente (PQ)";"Outros";"EsPCEx"
"2026";"01 - Envolvimento IG - 07D";"[GH] PP - BB - CONVERSÃO - CBO - PQ [SET.26]";"71,87";"Quente (PQ)";"Vendas / perpétuo";"Barro Branco"
"2026";"04 - Envolvimento IG - 60, 90, 120D";"[GH] PP - BB - CONVERSÃO - CBO - PQ [SET.26]";"16,23";"Quente (PQ)";"Vendas / perpétuo";"Barro Branco"
"2026";"06 - Pageview  - SITE - BB - 90D";"[GH] PP - BB - CONVERSÃO - CBO - PQ [SET.26]";"9,47";"Quente (PQ)";"Vendas / perpétuo";"Barro Branco"
"2026";"02 - Envolvimento IG - 14D";"[GH] PP - BB - CONVERSÃO - CBO - PQ [SET.26]";"17,4";"Quente (PQ)";"Vendas / perpétuo";"Barro Branco"
"2026";"03 - Envolvimento IG - 30D";"[GH] PP - BB - CONVERSÃO - CBO - PQ [SET.26]";"5,34";"Quente (PQ)";"Vendas / perpétuo";"Barro Branco"
"2026";"00 - Envolvimento IG - 03D";"[GH] PP - BB - CONVERSÃO - CBO - PQ [SET.26]";"51,11";"Quente (PQ)";"Vendas / perpétuo";"Barro Branco"
"2026";"07 - PageView - MEGA.ESPCEX.26 - 180D";"[GH] OP.ESPCEX.27 - CAPTAÇÃO - LEADS - CBO - PQ [SET.26]";"1,6";"Quente (PQ)";"Captação (leads)";"EsPCEx"
"2026";"02 - Envolvimento IG - 14D";"[GH] OP.ESPCEX.27 - CAPTAÇÃO - LEADS - CBO - PQ [SET.26]";"168,86";"Quente (PQ)";"Captação (leads)";"EsPCEx"
"2026";"04 - Envolvimento IG - 60, 90, 120, 180D";"[GH] OP.ESPCEX.27 - CAPTAÇÃO - LEADS - CBO - PQ [SET.26]";"1083,45";"Quente (PQ)";"Captação (leads)";"EsPCEx"
"2026";"03 - Envolvimento IG - 30";"[GH] OP.ESPCEX.27 - CAPTAÇÃO - LEADS - CBO - PQ [SET.26]";"961,08";"Quente (PQ)";"Captação (leads)";"EsPCEx"
"2026";"07 - Leads Active - OP.ESPCEX.26";"[GH] OP.ESPCEX.27 - CAPTAÇÃO - LEADS - CBO - PQ [SET.26]";"16,37";"Quente (PQ)";"Captação (leads)";"EsPCEx"
"2026";"01 - Envolvimento IG - 07D";"[GH] OP.ESPCEX.27 - CAPTAÇÃO - LEADS - CBO - PQ [SET.26]";"312,78";"Quente (PQ)";"Captação (leads)";"EsPCEx"
"2026";"03 -  Advantage+ ativado";"[GH] OP.ESPCEX.27 - CAPTAÇÃO - LEADS - CBO - PF [SET.26]";"348,22";"Frio (PF)";"Captação (leads)";"EsPCEx"
"2026";"02 - (1%) - LEADS ACTIVE - OP.ESPCEX.26";"[GH] OP.ESPCEX.27 - CAPTAÇÃO - LEADS - CBO - PF [SET.26]";"181,91";"Quente (PQ)";"Captação (leads)";"EsPCEx"
"2026";"01 - Interesses - OP.ESPCEX";"[GH] OP.ESPCEX.27 - CAPTAÇÃO - LEADS - CBO - PF [SET.26]";"562,94";"Frio (PF)";"Captação (leads)";"EsPCEx"
"2026";"06 - Dia 17/09";"[GH] ULT.Sd.PM.SP.26 - AQUECIMENTO - LIVE - CBO - PQ [SET.26]";"180";"Quente (PQ)";"Outros";"PM-SP"
"2026";"05 - Dia 16/09";"[GH] ULT.Sd.PM.SP.26 - AQUECIMENTO - LIVE - CBO - PQ [SET.26]";"179,91";"Quente (PQ)";"Outros";"PM-SP"
"2026";"04 - Dia 15/09";"[GH] ULT.Sd.PM.SP.26 - AQUECIMENTO - LIVE - CBO - PQ [SET.26]";"180";"Quente (PQ)";"Outros";"PM-SP"
"2026";"05 - Dia 07/09 - É hoje";"[GH] MEGA.ESPCEX.26 - AQUECIMENTO - LIVE - CBO - PQ [AGO.26]";"90,59";"Quente (PQ)";"Outros";"EsPCEx"
"2026";"06 - Site - PageView - Full BB + MEGA.BB.26 - 180D";"[GH] OP.BB.26 - CARRINHO ABERTO - VENDA - CBO - PQ [SET.26]";"47,06";"Quente (PQ)";"Vendas / perpétuo";"Barro Branco"
"2026";"03 - Envolvimento IG - 30";"[GH] OP.BB.26 - CARRINHO ABERTO - VENDA - CBO - PQ [SET.26]";"68,86";"Quente (PQ)";"Vendas / perpétuo";"Barro Branco"
"2026";"02 - Envolvimento IG - 14D";"[GH] OP.BB.26 - CARRINHO ABERTO - VENDA - CBO - PQ [SET.26]";"45,6";"Quente (PQ)";"Vendas / perpétuo";"Barro Branco"
"2026";"04 - Envolvimento IG - 60, 90, 120, 180D";"[GH] OP.BB.26 - CARRINHO ABERTO - VENDA - CBO - PQ [SET.26]";"21,92";"Quente (PQ)";"Vendas / perpétuo";"Barro Branco"
"2026";"01 - Envolvimento IG - 07D";"[GH] OP.BB.26 - CARRINHO ABERTO - VENDA - CBO - PQ [SET.26]";"561,42";"Quente (PQ)";"Vendas / perpétuo";"Barro Branco"
"2026";"05 - Dia 01/09 - Dia 2";"[GH] OP.BB.26 - AQUECIMENTO - LIVE - CBO - PQ [AGO.26]";"135,75";"Quente (PQ)";"Outros";"Barro Branco"
"2026";"07 - Site - PageView - Cursos Completos - 180D";"[GH] OP.BB.26 - CAPTAÇÃO - LEADS - CBO - PQ [AGO.26]";"3,4";"Quente (PQ)";"Captação (leads)";"Barro Branco"
"2026";"02 - Dia 29/08";"[GH] OP.BB.26 - AQUECIMENTO - LIVE - CBO - PQ [AGO.26]";"95,93";"Quente (PQ)";"Outros";"Barro Branco"
"2026";"04 - Dia 31/08 - É hoje";"[GH] OP.BB.26 - AQUECIMENTO - LIVE - CBO - PQ [AGO.26]";"160,34";"Quente (PQ)";"Outros";"Barro Branco"
"2026";"03 - Dia 30/08 - É amanhã";"[GH] OP.BB.26 - AQUECIMENTO - LIVE - CBO - PQ [AGO.26]";"15,87";"Quente (PQ)";"Outros";"Barro Branco"
"2026";"01 - Dia 28/08";"[GH] OP.BB.26 - AQUECIMENTO - LIVE - CBO - PQ [AGO.26]";"63,74";"Quente (PQ)";"Outros";"Barro Branco"
"2026";"03 - Envolvimento IG - 30";"[GH] P.TRIPLICE.26 - CARRINHO ABERTO - VENDAS - CBO - PQ [AGO.26]";"116,5";"Quente (PQ)";"Vendas / perpétuo";"Tríplice (AFA/EFOMM/EN)"
"2026";"01 - Envolvimento IG - 07D";"[GH] P.TRIPLICE.26 - CARRINHO ABERTO - VENDAS - CBO - PQ [AGO.26]";"94,74";"Quente (PQ)";"Vendas / perpétuo";"Tríplice (AFA/EFOMM/EN)"
"2026";"02 - Envolvimento IG - 14D";"[GH] P.TRIPLICE.26 - CARRINHO ABERTO - VENDAS - CBO - PQ [AGO.26]";"22,1";"Quente (PQ)";"Vendas / perpétuo";"Tríplice (AFA/EFOMM/EN)"
"2026";"06 - Site - PageView - Full Triplice - 180D";"[GH] P.TRIPLICE.26 - CARRINHO ABERTO - VENDAS - CBO - PQ [AGO.26]";"0,58";"Quente (PQ)";"Vendas / perpétuo";"Tríplice (AFA/EFOMM/EN)"
"2026";"04 - Leads Active - MEGA.ESA.26";"[GH] P.TRIPLICE.26 - CARRINHO ABERTO - VENDAS - CBO - PQ [AGO.26]";"1,52";"Quente (PQ)";"Vendas / perpétuo";"Tríplice (AFA/EFOMM/EN)"
"2026";"02 - Dia 20/08 - É hoje";"[GH] P.TRIPLICE.26 - AQUECIMENTO - LIVE - CBO - PQ [AGO.26]";"208,68";"Quente (PQ)";"Outros";"Tríplice (AFA/EFOMM/EN)"
"2026";"04 -  Advantage+ ativado";"[GH] OP.BB.26 - CAPTAÇÃO - LEADS - CBO - PF [AGO.26]";"1274,03";"Frio (PF)";"Captação (leads)";"Barro Branco"
"2026";"02 - LL (1%) Leads - OP.BB.25 - MEGA.BB.26";"[GH] OP.BB.26 - CAPTAÇÃO - LEADS - CBO - PF [AGO.26]";"22,58";"Frio (PF)";"Captação (leads)";"Barro Branco"
"2026";"01 - Interesses - PP - BB";"[GH] OP.BB.26 - CAPTAÇÃO - LEADS - CBO - PF [AGO.26]";"130,64";"Frio (PF)";"Captação (leads)";"Barro Branco"
"2026";"03 - LL  (1% to 2%) Leads - OP.BB.25 - MEGA.BB.26";"[GH] OP.BB.26 - CAPTAÇÃO - LEADS - CBO - PF [AGO.26]";"119,72";"Frio (PF)";"Captação (leads)";"Barro Branco"
"2026";"03 - Envolvimento IG - 30";"[GH] OP.BB.26 - CAPTAÇÃO - LEADS - CBO - PQ [AGO.26]";"1641,36";"Quente (PQ)";"Captação (leads)";"Barro Branco"
"2026";"04 - Envolvimento IG - 60, 90, 120, 180D";"[GH] OP.BB.26 - CAPTAÇÃO - LEADS - CBO - PQ [AGO.26]";"246,59";"Quente (PQ)";"Captação (leads)";"Barro Branco"
"2026";"01 - Envolvimento IG - 07D";"[GH] OP.BB.26 - CAPTAÇÃO - LEADS - CBO - PQ [AGO.26]";"491,49";"Quente (PQ)";"Captação (leads)";"Barro Branco"
"2026";"06 - Site - PageView - Full BB + MEGA.BB.26 - 180D";"[GH] OP.BB.26 - CAPTAÇÃO - LEADS - CBO - PQ [AGO.26]";"25,84";"Quente (PQ)";"Captação (leads)";"Barro Branco"
"2026";"02 - Envolvimento IG - 14D";"[GH] OP.BB.26 - CAPTAÇÃO - LEADS - CBO - PQ [AGO.26]";"627,74";"Quente (PQ)";"Captação (leads)";"Barro Branco"
"2026";"02 - LL (1%) - Leads Active - MEGA.EFOMM.26/P.TRIPLICE.25";"[GH] P.TRIPLICE.26 - CAPTAÇÃO - LEADS - CBO - PF [AGO.26]";"14,28";"Frio (PF)";"Captação (leads)";"Tríplice (AFA/EFOMM/EN)"
"2026";"01 - Interesses - P.TRIPLICE";"[GH] P.TRIPLICE.26 - CAPTAÇÃO - LEADS - CBO - PF [AGO.26]";"673,36";"Frio (PF)";"Captação (leads)";"Tríplice (AFA/EFOMM/EN)"
"2026";"06 - Site - PageView - Full Triplice  - 180D";"[GH] P.TRIPLICE.26 - CAPTAÇÃO - LEADS - CBO - PQ [AGO.26]";"0,13";"Quente (PQ)";"Captação (leads)";"Tríplice (AFA/EFOMM/EN)"
"2026";"03 - Envolvimento IG - 30";"[GH] P.TRIPLICE.26 - CAPTAÇÃO - LEADS - CBO - PQ [AGO.26]";"591,91";"Quente (PQ)";"Captação (leads)";"Tríplice (AFA/EFOMM/EN)"
"2026";"01 - Envolvimento IG - 07D";"[GH] P.TRIPLICE.26 - CAPTAÇÃO - LEADS - CBO - PQ [AGO.26]";"119,84";"Quente (PQ)";"Captação (leads)";"Tríplice (AFA/EFOMM/EN)"
"2026";"04 - Envolvimento IG - 60, 90, 120, 180D";"[GH] P.TRIPLICE.26 - CAPTAÇÃO - LEADS - CBO - PQ [AGO.26]";"456,05";"Quente (PQ)";"Captação (leads)";"Tríplice (AFA/EFOMM/EN)"
"2026";"02 - Envolvimento IG - 14D";"[GH] P.TRIPLICE.26 - CAPTAÇÃO - LEADS - CBO - PQ [AGO.26]";"236,25";"Quente (PQ)";"Captação (leads)";"Tríplice (AFA/EFOMM/EN)"
"2026";"02 - (1%) - LEADS ACTIVE - OP.ESPCEX.26";"[GH] MEGA.ESPCEX.26 - CAPTAÇÃO - LEADS - CBO - PF [AGO.26]";"666,76";"Quente (PQ)";"Captação (leads)";"EsPCEx"
"2026";"03 -  Advantage+ ativado";"[GH] MEGA.ESPCEX.26 - CAPTAÇÃO - LEADS - CBO - PF [AGO.26]";"626,55";"Frio (PF)";"Captação (leads)";"EsPCEx"
"2026";"01 - Interesses - MEGA.ESPCEX";"[GH] MEGA.ESPCEX.26 - CAPTAÇÃO - LEADS - CBO - PF [AGO.26]";"541,32";"Frio (PF)";"Captação (leads)";"EsPCEx"
"2026";"06 - Site - PageView - Full EsPCEx  - 180D";"[GH] MEGA.ESPCEX.26 - CAPTAÇÃO - LEADS - CBO - PQ [AGO.26]";"0,28";"Quente (PQ)";"Captação (leads)";"EsPCEx"
"2026";"02 - Envolvimento IG - 14D";"[GH] MEGA.ESPCEX.26 - CAPTAÇÃO - LEADS - CBO - PQ [AGO.26]";"859,96";"Quente (PQ)";"Captação (leads)";"EsPCEx"
"2026";"04 - Envolvimento IG - 60, 90, 120, 180D";"[GH] MEGA.ESPCEX.26 - CAPTAÇÃO - LEADS - CBO - PQ [AGO.26]";"302,19";"Quente (PQ)";"Captação (leads)";"EsPCEx"
"2026";"07 - Leads Active - OP.ESPCEX.26";"[GH] MEGA.ESPCEX.26 - CAPTAÇÃO - LEADS - CBO - PQ [AGO.26]";"9,54";"Quente (PQ)";"Captação (leads)";"EsPCEx"
"2026";"03 - Envolvimento IG - 30";"[GH] MEGA.ESPCEX.26 - CAPTAÇÃO - LEADS - CBO - PQ [AGO.26]";"505,35";"Quente (PQ)";"Captação (leads)";"EsPCEx"
"2026";"01 - Envolvimento IG - 07D";"[GH] MEGA.ESPCEX.26 - CAPTAÇÃO - LEADS - CBO - PQ [AGO.26]";"106,01";"Quente (PQ)";"Captação (leads)";"EsPCEx"
"2026";"04 - Leads Active - MEGA.ESA.26";"[GH] OP.ESA.27 - CARRINHO ABERTO - VENDAS - CBO - PQ [AGO.26]";"5,71";"Quente (PQ)";"Vendas / perpétuo";"ESA"
"2026";"06 - Site - PageView - Full ESA - 180D";"[GH] OP.ESA.27 - CARRINHO ABERTO - VENDAS - CBO - PQ [AGO.26]";"6,84";"Quente (PQ)";"Vendas / perpétuo";"ESA"
"2026";"02 - Envolvimento IG - 14D";"[GH] OP.ESA.27 - CARRINHO ABERTO - VENDAS - CBO - PQ [AGO.26]";"374,92";"Quente (PQ)";"Vendas / perpétuo";"ESA"
"2026";"03 - Envolvimento IG - 30";"[GH] OP.ESA.27 - CARRINHO ABERTO - VENDAS - CBO - PQ [AGO.26]";"458,59";"Quente (PQ)";"Vendas / perpétuo";"ESA"
"2026";"01 - Envolvimento IG - 07D";"[GH] OP.ESA.27 - CARRINHO ABERTO - VENDAS - CBO - PQ [AGO.26]";"99";"Quente (PQ)";"Vendas / perpétuo";"ESA"
"2026";"01 - Dia 05/08";"[GH] OP.ESA.27- AQUECIMENTO - LIVE - CBO - PQ [JUL.26]";"88,56";"Quente (PQ)";"Outros";"ESA"
"2026";"08 - PageView - Captação - MEGA.ESA.26 - 180D";"[GH] OP.ESA.27 - CAPTAÇÃO - LEADS - CBO - PQ [JUN.26]";"87,51";"Quente (PQ)";"Captação (leads)";"ESA"
"2026";"07 - Leads Active - MEGA.ESA.26";"[GH] OP.ESA.27 - CAPTAÇÃO - LEADS - CBO - PQ [JUN.26]";"26,37";"Quente (PQ)";"Captação (leads)";"ESA"
"2026";"02 - LL (BR, 1%) 01 - Lista ACTIVE - JCM.26 - MAI.26";"[GH] OP.ESA.27 - CAPTAÇÃO - LEADS - CBO - PF [JUN.26]";"566,06";"Frio (PF)";"Captação (leads)";"ESA"
"2026";"03 -  Advantage+ ativado";"[GH] OP.ESA.27 - CAPTAÇÃO - LEADS - CBO - PF [JUN.26]";"550,03";"Frio (PF)";"Captação (leads)";"ESA"
"2026";"01 - Interesses - MEGA.ESA";"[GH] OP.ESA.27 - CAPTAÇÃO - LEADS - CBO - PF [JUN.26]";"117,56";"Frio (PF)";"Captação (leads)";"ESA"
"2026";"03 - Envolvimento IG - 30";"[GH] OP.ESA.27 - CAPTAÇÃO - LEADS - CBO - PQ [JUN.26]";"1260,31";"Quente (PQ)";"Captação (leads)";"ESA"
"2026";"06 - Site - PageView - Full ESA - 180D";"[GH] OP.ESA.27 - CAPTAÇÃO - LEADS - CBO - PQ [JUN.26]";"2,89";"Quente (PQ)";"Captação (leads)";"ESA"
"2026";"02 - Envolvimento IG - 14D";"[GH] OP.ESA.27 - CAPTAÇÃO - LEADS - CBO - PQ [JUN.26]";"343,57";"Quente (PQ)";"Captação (leads)";"ESA"
"2026";"04 - Envolvimento IG - 60, 90, 120, 180D";"[GH] OP.ESA.27 - CAPTAÇÃO - LEADS - CBO - PQ [JUN.26]";"1022,37";"Quente (PQ)";"Captação (leads)";"ESA"
"2026";"01 - IG - Engajamento - 07D";"[GH] MEGA.BB.26 - AQUECIMENTO - LIVE - CBO - PQ [JUN.26]";"483,33";"Quente (PQ)";"Outros";"Barro Branco"
"2026";"03 - LL  (1% to 2%) Leads - OP.BB.25 - MEGA.BB.26";"[GH] MEGA.BB.26 - CAPTAÇÃO - LEADS - CBO - PF [JUL.26]";"1783,53";"Frio (PF)";"Captação (leads)";"Barro Branco"
"2026";"02 - LL (1%) Leads - OP.BB.25 - MEGA.BB.26";"[GH] MEGA.BB.26 - CAPTAÇÃO - LEADS - CBO - PF [JUL.26]";"121,06";"Frio (PF)";"Captação (leads)";"Barro Branco"
"2026";"01 - Interesses - PP - BB";"[GH] MEGA.BB.26 - CAPTAÇÃO - LEADS - CBO - PF [JUL.26]";"49,67";"Frio (PF)";"Captação (leads)";"Barro Branco"
"2026";"04 -  Advantage+ ativado";"[GH] MEGA.BB.26 - CAPTAÇÃO - LEADS - CBO - PF [JUL.26]";"76,58";"Frio (PF)";"Captação (leads)";"Barro Branco"
"2026";"02 - Envolvimento IG - 14D";"[GH] MEGA.BB.26 - CAPTAÇÃO - LEADS - CBO - PQ [JUL.26]";"585,68";"Quente (PQ)";"Captação (leads)";"Barro Branco"
"2026";"04 - Envolvimento IG - 60, 90, 120, 180D";"[GH] MEGA.BB.26 - CAPTAÇÃO - LEADS - CBO - PQ [JUL.26]";"194,75";"Quente (PQ)";"Captação (leads)";"Barro Branco"
"2026";"06 - Site - PageView - Full ESA - 180D";"[GH] MEGA.BB.26 - CAPTAÇÃO - LEADS - CBO - PQ [JUL.26]";"10,78";"Quente (PQ)";"Captação (leads)";"Barro Branco"
"2026";"03 - Envolvimento IG - 30";"[GH] MEGA.BB.26 - CAPTAÇÃO - LEADS - CBO - PQ [JUL.26]";"66,7";"Quente (PQ)";"Captação (leads)";"Barro Branco"
"2026";"01 - Envolvimento IG - 07D";"[GH] MEGA.BB.26 - CAPTAÇÃO - LEADS - CBO - PQ [JUL.26]";"257,24";"Quente (PQ)";"Captação (leads)";"Barro Branco"
"2026";"01 - IG - Engajamento - 07D";"[GH] MEGA.EFOMM.26 - AQUECIMENTO - LIVE - CBO - PQ [JUN.26]";"457,57";"Quente (PQ)";"Outros";"EFOMM"
"2026";"01 - IG - Engajamento - 07D";"[GH] MEGA.ESA.26 - AQUECIMENTO - LIVE - CBO - PQ [JUN.26]";"955,94";"Quente (PQ)";"Outros";"ESA"
"2026";"03 -  Advantage+ ativado";"[GH] MEGA.ESA.26 - CAPTAÇÃO - LEADS - CBO - PF [JUN.26]";"1586,7";"Frio (PF)";"Captação (leads)";"ESA"
"2026";"02 - LL (BR, 1%) 01 - Lista ACTIVE - JCM.26 - MAI.26";"[GH] MEGA.ESA.26 - CAPTAÇÃO - LEADS - CBO - PF [JUN.26]";"145,51";"Frio (PF)";"Captação (leads)";"ESA"
"2026";"01 - Interesses - MEGA.ESA";"[GH] MEGA.ESA.26 - CAPTAÇÃO - LEADS - CBO - PF [JUN.26]";"2596,35";"Frio (PF)";"Captação (leads)";"ESA"
"2026";"02 - Envolvimento IG - 14D";"[GH] MEGA.ESA.26 - CAPTAÇÃO - LEADS - CBO - PQ [JUN.26]";"324,82";"Quente (PQ)";"Captação (leads)";"ESA"
"2026";"04 - Envolvimento IG - 60, 90, 120, 180D";"[GH] MEGA.ESA.26 - CAPTAÇÃO - LEADS - CBO - PQ [JUN.26]";"756,54";"Quente (PQ)";"Captação (leads)";"ESA"
"2026";"06 - Site - PageView - Full ESA - 180D";"[GH] MEGA.ESA.26 - CAPTAÇÃO - LEADS - CBO - PQ [JUN.26]";"5,29";"Quente (PQ)";"Captação (leads)";"ESA"
"2026";"05 - Site - InitiateCheckout - Full ESA - 180D";"[GH] MEGA.ESA.26 - CAPTAÇÃO - LEADS - CBO - PQ [JUN.26]";"0,01";"Quente (PQ)";"Captação (leads)";"ESA"
"2026";"03 - Envolvimento IG - 30";"[GH] MEGA.ESA.26 - CAPTAÇÃO - LEADS - CBO - PQ [JUN.26]";"787,76";"Quente (PQ)";"Captação (leads)";"ESA"
"2026";"01 - Envolvimento IG - 07D";"[GH] MEGA.ESA.26 - CAPTAÇÃO - LEADS - CBO - PQ [JUN.26]";"425,12";"Quente (PQ)";"Captação (leads)";"ESA"
"2026";"03 -  Advantage+ ativado";"[GH] MEGA.EFOMM.26 - CAPTAÇÃO - LEADS - CBO - PF [JUN.26]";"1518,61";"Frio (PF)";"Captação (leads)";"EFOMM"
"2026";"02 - LL (BR, 1%) 01 - Lista ACTIVE - JCM.26 - MAI.26";"[GH] MEGA.EFOMM.26 - CAPTAÇÃO - LEADS - CBO - PF [JUN.26]";"235,17";"Frio (PF)";"Captação (leads)";"EFOMM"
"2026";"01 - Interesses - MEGA.EFOMM";"[GH] MEGA.EFOMM.26 - CAPTAÇÃO - LEADS - CBO - PF [JUN.26]";"2739,86";"Frio (PF)";"Captação (leads)";"EFOMM"
"2026";"03 - Envolvimento IG - 30";"[GH] MEGA.EFOMM.26 - CAPTAÇÃO - LEADS - CBO - PQ [JUN.26]";"588,85";"Quente (PQ)";"Captação (leads)";"EFOMM"
"2026";"01 - Envolvimento IG - 07D";"[GH] MEGA.EFOMM.26 - CAPTAÇÃO - LEADS - CBO - PQ [JUN.26]";"497,96";"Quente (PQ)";"Captação (leads)";"EFOMM"
"2026";"04 - Envolvimento IG - 60, 90, 120, 180D";"[GH] MEGA.EFOMM.26 - CAPTAÇÃO - LEADS - CBO - PQ [JUN.26]";"418,8";"Quente (PQ)";"Captação (leads)";"EFOMM"
"2026";"02 - Envolvimento IG - 14D";"[GH] MEGA.EFOMM.26 - CAPTAÇÃO - LEADS - CBO - PQ [JUN.26]";"465,04";"Quente (PQ)";"Captação (leads)";"EFOMM"
"2026";"03 - Envolvimento IG - 14D";"[LE-GH] ANIVERSÁRIOTM.26 - VENDA - CONVERSÃO [JUN.26]";"606,41";"Quente (PQ)";"Vendas / perpétuo";"Outros / matérias"
"2026";"01 - Leads Active - JCM.26 - MAI.26";"[LE-GH] ANIVERSÁRIOTM.26 - VENDA - CONVERSÃO [JUN.26]";"20,05";"Quente (PQ)";"Vendas / perpétuo";"Outros / matérias"
"2026";"05 - Envolvimento IG - 90D";"[LE-GH] ANIVERSÁRIOTM.26 - VENDA - CONVERSÃO [JUN.26]";"429,47";"Quente (PQ)";"Vendas / perpétuo";"Outros / matérias"
"2026";"02 - Envolvimento IG - 07D";"[LE-GH] ANIVERSÁRIOTM.26 - VENDA - CONVERSÃO [JUN.26]";"2112,43";"Quente (PQ)";"Vendas / perpétuo";"Outros / matérias"
"2026";"04 - Envolvimento IG - 30D";"[LE-GH] ANIVERSÁRIOTM.26 - VENDA - CONVERSÃO [JUN.26]";"1066,63";"Quente (PQ)";"Vendas / perpétuo";"Outros / matérias"
"2026";"07 - Site - PageView - Full EsPCEx - 180D";"[LE-GH] ANIVERSÁRIOTM.26 - VENDA - CONVERSÃO [JUN.26]";"1141,4";"Quente (PQ)";"Vendas / perpétuo";"Outros / matérias"
"2026";"06 - IG - Engajamento - 180D";"[LE-GH] ANIVERSÁRIOTM.26 - VENDA - CONVERSÃO [JUN.26]";"283,85";"Quente (PQ)";"Vendas / perpétuo";"Outros / matérias"
"2026";"02 - Envolvimento IG - 14D";"[LE-GH] ANIVERSÁRIOTM.26 - RECONHECIMENTO - CBO [JUN.26]";"121,22";"Quente (PQ)";"Outros";"Outros / matérias"
"2026";"06 -  Site - PageView - Cursos Completos - 90D";"[LE-GH] ANIVERSÁRIOTM.26 - RECONHECIMENTO - CBO [JUN.26]";"182,99";"Quente (PQ)";"Outros";"Outros / matérias"
"2026";"05- Envolvimento IG - 90-180D";"[LE-GH] ANIVERSÁRIOTM.26 - RECONHECIMENTO - CBO [JUN.26]";"423";"Quente (PQ)";"Outros";"Outros / matérias"
"2026";"01 - Envolvimento IG - 07D";"[LE-GH] ANIVERSÁRIOTM.26 - RECONHECIMENTO - CBO [JUN.26]";"459,65";"Quente (PQ)";"Outros";"Outros / matérias"
"2026";"00 - Lista Active - JCM.26 - MAI.26";"[LE-GH] ANIVERSÁRIOTM.26 - RECONHECIMENTO - CBO [JUN.26]";"14,89";"Quente (PQ)";"Outros";"Outros / matérias"
"2026";"03 - Envolvimento IG - 30D";"[LE-GH] ANIVERSÁRIOTM.26 - RECONHECIMENTO - CBO [JUN.26]";"48,31";"Quente (PQ)";"Outros";"Outros / matérias"
"2026";"04 - Envolvimento IG - 60D";"[LE-GH] ANIVERSÁRIOTM.26 - RECONHECIMENTO - CBO [JUN.26]";"42,08";"Quente (PQ)";"Outros";"Outros / matérias"
"2026";"01 - Envolvimento IG | 14D";"[LE-GH] JCM.26 - VENDA - CARRINHO ABERTO [MAI.26]";"397,23";"Quente (PQ)";"Vendas / perpétuo";"Outros / matérias"
"2026";"00 - Envolvimento IG | 07D";"[LE-GH] JCM.26 - VENDA - CARRINHO ABERTO [MAI.26]";"341,02";"Quente (PQ)";"Vendas / perpétuo";"Outros / matérias"
"2026";"02 - Envolvimento IG | 30D";"[LE-GH] JCM.26 - VENDA - CARRINHO ABERTO [MAI.26]";"71,73";"Quente (PQ)";"Vendas / perpétuo";"Outros / matérias"
"2026";"05 - Lista ACTIVE - JCM.26 [MAI.26]";"[LE-GH] JCM.26 - VENDA - CARRINHO ABERTO [MAI.26]";"6,84";"Quente (PQ)";"Vendas / perpétuo";"Outros / matérias"
"2026";"03 - Envolvimento IG | 90D";"[LE-GH] JCM.26 - VENDA - CARRINHO ABERTO [MAI.26]";"43,69";"Quente (PQ)";"Vendas / perpétuo";"Outros / matérias"
"2026";"01 - É hoje 11/05";"[GH] JCM.26 - LEMBRETE LIVE - TRÁFEGO  [MAI.26]";"547,41";"Sem classificação";"Outros";"Outros / matérias"
"2026";"04 -  Advantage+ ativado - pais de adolecentes";"[GH] JCM.26 - CAPTAÇÃO - LEADS - CBO - PF [MAI.26]";"1967,55";"Frio (PF)";"Captação (leads)";"Outros / matérias"
"2026";"03 -  Advantage+ ativado - teste sem Cap_AdV_006 - Carreiras militares";"[GH] JCM.26 - CAPTAÇÃO - LEADS - CBO - PF [MAI.26]";"477,48";"Frio (PF)";"Captação (leads)";"Outros / matérias"
"2026";"00 - View 25% - Cap_AdV_006 - Carreiras militares";"[GH] JCM.26 - CAPTAÇÃO - LEADS - CBO - PF [MAI.26]";"27,93";"Frio (PF)";"Captação (leads)";"Outros / matérias"
"2026";"01 - Interesses";"[GH] JCM.26 - CAPTAÇÃO - LEADS - CBO - PF [MAI.26]";"731,48";"Frio (PF)";"Captação (leads)";"Outros / matérias"
"2026";"02 -  Advantage+ ativado";"[GH] JCM.26 - CAPTAÇÃO - LEADS - CBO - PF [MAI.26]";"2883,3";"Frio (PF)";"Captação (leads)";"Outros / matérias"
"2026";"05 - Advantage + ativado - melhores anuncios selecionados";"[LE-GH] PP - DMB - CONVERSÃO - CBO - PF [ABR.26]";"200,22";"Frio (PF)";"Vendas / perpétuo";"Outros / matérias"
"2026";"04 - Advantage + ativado - anuncios selecionados";"[LE-GH] PP - DMB - CONVERSÃO - CBO - PF [ABR.26]";"285,52";"Frio (PF)";"Vendas / perpétuo";"Outros / matérias"
"2026";"00 - LL (BR, 1%) - Site - Purchase - Geral - 180D";"[LE-GH] PP - DMB - CONVERSÃO - CBO - PF [ABR.26]";"265,45";"Frio (PF)";"Vendas / perpétuo";"Outros / matérias"
"2026";"00 - Envolvimento IG - 03D";"[LE-GH] PP - DMB - CONVERSÃO - CBO - PQ [ABR.26]";"99,82";"Quente (PQ)";"Vendas / perpétuo";"Outros / matérias"
"2026";"06 - Pageview  - Site - Cursos Completos - 90D";"[LE-GH] PP - DMB - CONVERSÃO - CBO - PQ [ABR.26]";"5,34";"Quente (PQ)";"Vendas / perpétuo";"Outros / matérias"
"2026";"02 - Envolvimento IG - 14D";"[LE-GH] PP - DMB - CONVERSÃO - CBO - PQ [ABR.26]";"34,56";"Quente (PQ)";"Vendas / perpétuo";"Outros / matérias"
"2026";"03 - Envolvimento IG - 30D";"[LE-GH] PP - DMB - CONVERSÃO - CBO - PQ [ABR.26]";"39,8";"Quente (PQ)";"Vendas / perpétuo";"Outros / matérias"
"2026";"04 - Envolvimento IG - 60, 90, 120D";"[LE-GH] PP - DMB - CONVERSÃO - CBO - PQ [ABR.26]";"119,69";"Quente (PQ)";"Vendas / perpétuo";"Outros / matérias"
"2026";"01 - Envolvimento IG - 07D";"[LE-GH] PP - DMB - CONVERSÃO - CBO - PQ [ABR.26]";"39,71";"Quente (PQ)";"Vendas / perpétuo";"Outros / matérias"
"2026";"01 - Captação - PageView - P.CBMERJ.26 - 180D";"[LE-GH] P.CBMERJ.26 - VENDA - CARRINHO ABERTO [MAR.26]";"10,49";"Quente (PQ)";"Vendas / perpétuo";"CBMERJ"
"2026";"02 - Envolvimento IG | 07D";"[LE-GH] P.CBMERJ.26 - VENDA - CARRINHO ABERTO [MAR.26]";"352,52";"Quente (PQ)";"Vendas / perpétuo";"CBMERJ"
"2026";"03 - Envolvimento IG | 30D";"[LE-GH] P.CBMERJ.26 - VENDA - CARRINHO ABERTO [MAR.26]";"198,92";"Quente (PQ)";"Vendas / perpétuo";"CBMERJ"
"2026";"00 -  Site - PageView - Full CBMERJ - 180D";"[LE-GH] P.CBMERJ.26 - VENDA - CARRINHO ABERTO [MAR.26]";"0,02";"Quente (PQ)";"Vendas / perpétuo";"CBMERJ"
"2026";"04 - Advantage+";"[LE-GH] P.CBMERJ.26 - CAPTAÇÃO - CADASTROS - CBO - PF  [MAR.26]";"289,46";"Frio (PF)";"Captação (leads)";"CBMERJ"
"2026";"03 - Dia 19/03 - É hoje [AULA 01]";"[GH] P.CBMERJ.26 - LEMBRETE LIVE - TRÁFEGO - PQ [MAR.26]";"148";"Quente (PQ)";"Outros";"CBMERJ"
"2026";"02 - Dia 18/03 - É amanhã";"[GH] P.CBMERJ.26 - LEMBRETE LIVE - TRÁFEGO - PQ [MAR.26]";"200,03";"Quente (PQ)";"Outros";"CBMERJ"
"2026";"02 - IG - Engajamento - 30D";"[LE-GH] P.CBMERJ.26 - CAPTAÇÃO - CADASTROS - CBO - PQ  [MAR.26]";"523,17";"Quente (PQ)";"Captação (leads)";"CBMERJ"
"2026";"00 - Interesses - P.CBMERJ";"[LE-GH] P.CBMERJ.26 - CAPTAÇÃO - CADASTROS - CBO - PF  [MAR.26]";"735,47";"Frio (PF)";"Captação (leads)";"CBMERJ"
"2026";"00 - IG - Engajamento - 07D";"[LE-GH] P.CBMERJ.26 - CAPTAÇÃO - CADASTROS - CBO - PQ  [MAR.26]";"447,49";"Quente (PQ)";"Captação (leads)";"CBMERJ"
"2026";"01 - IG - Engajamento - 14D";"[LE-GH] P.CBMERJ.26 - CAPTAÇÃO - CADASTROS - CBO - PQ  [MAR.26]";"74,48";"Quente (PQ)";"Captação (leads)";"CBMERJ"
"2026";"00 - Site - InitiateCheckout - Full EsPCEx - 180D";"[LE-GH] PP - ESPCEX - REMARKETING - CBO - PQ [FEV.26]";"0,51";"Quente (PQ)";"Vendas / perpétuo";"EsPCEx"
"2026";"03 - IG - Engajamento - 30D";"[LE-GH] PP - ESPCEX - RELACIONAMENTO - CBO [FEV.26]";"413,12";"Quente (PQ)";"Vendas / perpétuo";"EsPCEx"
"2026";"02 - IG - Engajamento - 14D";"[LE-GH] PP - ESPCEX - RELACIONAMENTO - CBO [FEV.26]";"5166,95";"Quente (PQ)";"Vendas / perpétuo";"EsPCEx"
"2026";"01 - IG - Engajamento - 07D";"[LE-GH] PP - ESPCEX - RELACIONAMENTO - CBO [FEV.26]";"117,02";"Quente (PQ)";"Vendas / perpétuo";"EsPCEx"
"2026";"04 - LL (BR, 1%) - Site - PageView - Full EsPCEx - 180D";"[LE-GH]  PP - ESPCEX - DESCOBERTA - CBO - [FEV.26]";"76,32";"Frio (PF)";"Vendas / perpétuo";"EsPCEx"
"2026";"03 - LL (BR, 1%) - Site - InitiateCheckout - Full EsPCEx - 180D";"[LE-GH]  PP - ESPCEX - DESCOBERTA - CBO - [FEV.26]";"1537,38";"Frio (PF)";"Vendas / perpétuo";"EsPCEx"
"2026";"02 - LL (BR, 1%) - Site - Purchase - Full EsPCEx - 180D";"[LE-GH]  PP - ESPCEX - DESCOBERTA - CBO - [FEV.26]";"1209,55";"Frio (PF)";"Vendas / perpétuo";"EsPCEx"
"2026";"00 - Vis 50% AdV - Etapa de Descoberta - 365D";"[LE-GH] PP - ESPCEX - RELACIONAMENTO - CBO [FEV.26]";"360,6";"Sem classificação";"Vendas / perpétuo";"EsPCEx"
"2026";"04 - Envolvimento IG - 60, 90, 120D";"[LE-GH] PP - BB - CONVERSÃO - CBO - PQ [FEV.26]";"1371,27";"Quente (PQ)";"Vendas / perpétuo";"Barro Branco"
"2026";"00 - Envolvimento IG - 03D";"[LE-GH] PP - BB - CONVERSÃO - CBO - PQ [FEV.26]";"3496,68";"Quente (PQ)";"Vendas / perpétuo";"Barro Branco"
"2026";"06 - Pageview  - SITE - BB - 90D";"[LE-GH] PP - BB - CONVERSÃO - CBO - PQ [FEV.26]";"39,79";"Quente (PQ)";"Vendas / perpétuo";"Barro Branco"
"2026";"01 - Envolvimento IG - 07D";"[LE-GH] PP - BB - CONVERSÃO - CBO - PQ [FEV.26]";"983,74";"Quente (PQ)";"Vendas / perpétuo";"Barro Branco"
"2026";"03 - Envolvimento IG - 30D";"[LE-GH] PP - BB - CONVERSÃO - CBO - PQ [FEV.26]";"1892,56";"Quente (PQ)";"Vendas / perpétuo";"Barro Branco"
"2026";"02 - Envolvimento IG - 14D";"[LE-GH] PP - BB - CONVERSÃO - CBO - PQ [FEV.26]";"900,48";"Quente (PQ)";"Vendas / perpétuo";"Barro Branco"
"2026";"06 - Pageview  - SITE - ESA - 90D";"[LE-GH] PP - ESA - CONVERSÃO - CBO - PQ [FEV.26]";"129,6";"Quente (PQ)";"Vendas / perpétuo";"ESA"
"2026";"04 - Envolvimento IG - 60, 90, 120D";"[LE-GH] PP - ESA - CONVERSÃO - CBO - PQ [FEV.26]";"1448,81";"Quente (PQ)";"Vendas / perpétuo";"ESA"
"2026";"00 - Envolvimento IG - 03D";"[LE-GH] PP - ESA - CONVERSÃO - CBO - PQ [FEV.26]";"4255,53";"Quente (PQ)";"Vendas / perpétuo";"ESA"
"2026";"02 - Envolvimento IG - 14D";"[LE-GH] PP - ESA - CONVERSÃO - CBO - PQ [FEV.26]";"982,55";"Quente (PQ)";"Vendas / perpétuo";"ESA"
"2026";"01 - Envolvimento IG - 07D";"[LE-GH] PP - ESA - CONVERSÃO - CBO - PQ [FEV.26]";"1021,14";"Quente (PQ)";"Vendas / perpétuo";"ESA"
"2026";"03 - Envolvimento IG - 30D";"[LE-GH] PP - ESA - CONVERSÃO - CBO - PQ [FEV.26]";"1299,03";"Quente (PQ)";"Vendas / perpétuo";"ESA"
"2026";"00 - Envolvimento IG - 03D";"[LE-GH] PP - ESPCEX - CONVERSÃO - CBO - PQ [FEV.26]";"4802,47";"Quente (PQ)";"Vendas / perpétuo";"EsPCEx"
"2026";"05 - Assistir 25% - Etapa de Relacionamento";"[LE-GH] PP - ESPCEX - CONVERSÃO - CBO - PQ [FEV.26]";"442,61";"Quente (PQ)";"Vendas / perpétuo";"EsPCEx"
"2026";"06 - Pageview  - SITE - EsPCEx - 90D";"[LE-GH] PP - ESPCEX - CONVERSÃO - CBO - PQ [FEV.26]";"0,05";"Quente (PQ)";"Vendas / perpétuo";"EsPCEx"
"2026";"01 - Envolvimento IG - 07D";"[LE-GH] PP - ESPCEX - CONVERSÃO - CBO - PQ [FEV.26]";"1291,5";"Quente (PQ)";"Vendas / perpétuo";"EsPCEx"
"2026";"04 - Envolvimento IG - 60, 90, 120D";"[LE-GH] PP - ESPCEX - CONVERSÃO - CBO - PQ [FEV.26]";"2052,16";"Quente (PQ)";"Vendas / perpétuo";"EsPCEx"
"2026";"02 - Envolvimento IG - 14D";"[LE-GH] PP - ESPCEX - CONVERSÃO - CBO - PQ [FEV.26]";"2418,88";"Quente (PQ)";"Vendas / perpétuo";"EsPCEx"
"2026";"03 - Envolvimento IG - 30D";"[LE-GH] PP - ESPCEX - CONVERSÃO - CBO - PQ [FEV.26]";"2350,63";"Quente (PQ)";"Vendas / perpétuo";"EsPCEx"
"2026";"Post do Instagram: Parabéns, Guilherme!";"Post do Instagram: Parabéns, Guilherme!";"2073,48";"Sem classificação";"Engajamento / conteúdo";"Outros / matérias"
"2026";"Post do Instagram: Parabéns, Juan Pablo!";"Post do Instagram: Parabéns, Juan Pablo!";"347,9";"Sem classificação";"Engajamento / conteúdo";"Outros / matérias"
"2026";"Post do Instagram: É muita frescura e medinho!...";"Post do Instagram: É muita frescura e medinho!...";"2077,75";"Sem classificação";"Engajamento / conteúdo";"Outros / matérias"
"2026";"04 - Dia 4";"[LE-GH]  ULT.CBMERJ.26 - LEMBRETE - LIVE [JAN.26]";"6,51";"Sem classificação";"Outros";"CBMERJ"
"2026";"06 - Dia 6";"[LE-GH]  ULT.CBMERJ.26 - LEMBRETE - LIVE [JAN.26]";"73,3";"Sem classificação";"Outros";"CBMERJ"
"2026";"03 - Dia 3";"[LE-GH]  ULT.CBMERJ.26 - LEMBRETE - LIVE [JAN.26]";"667,86";"Sem classificação";"Outros";"CBMERJ"
"2026";"05 -  Dia 5";"[LE-GH]  ULT.CBMERJ.26 - LEMBRETE - LIVE [JAN.26]";"29,54";"Sem classificação";"Outros";"CBMERJ"
"2026";"03 - Envolvimento IG | 30D";"[LE-GH] ULT.CBMERJ.26 - CAPTAÇÃO - LIVE [JAN.26]";"89,14";"Quente (PQ)";"Captação (leads)";"CBMERJ"
"2026";"06 - Seguidores IG - Total";"[LE-GH] ULT.CBMERJ.26 - CAPTAÇÃO - LIVE [JAN.26]";"230,69";"Quente (PQ)";"Captação (leads)";"CBMERJ"
"2026";"05 - Envolvimento IG | 90D";"[LE-GH] ULT.CBMERJ.26 - CAPTAÇÃO - LIVE [JAN.26]";"136,11";"Quente (PQ)";"Captação (leads)";"CBMERJ"
"2026";"02 - Envolvimento IG | 07D";"[LE-GH] ULT.CBMERJ.26 - CAPTAÇÃO - LIVE [JAN.26]";"2144,44";"Quente (PQ)";"Captação (leads)";"CBMERJ"
"2026";"03 - Envolvimento IG | 30D";"[LE-GH] MAT.BAS.26 - VENDA - CARRINHO ABERTO [JAN.26]";"1720,13";"Quente (PQ)";"Vendas / perpétuo";"Matemática Básica"
"2026";"02 - Envolvimento IG | 07D";"[LE-GH] MAT.BAS.26 - VENDA - CARRINHO ABERTO [JAN.26]";"7146,63";"Quente (PQ)";"Vendas / perpétuo";"Matemática Básica"
"2026";"05 - Envolvimento IG | 90D";"[LE-GH] MAT.BAS.26 - VENDA - CARRINHO ABERTO [JAN.26]";"303,5";"Quente (PQ)";"Vendas / perpétuo";"Matemática Básica"
"2026";"06 - Seguidores IG - Total";"[LE-GH] MAT.BAS.26 - VENDA - CARRINHO ABERTO [JAN.26]";"3082,83";"Quente (PQ)";"Vendas / perpétuo";"Matemática Básica"
"2026";"03 -  LL (BR, 1%) - Site - PageView - Full CBMERJ - 180D";"[LE-GH] P.CBMERJ.26 - CAPTAÇÃO - CADASTROS - CBO - PF  [MAR.26]";"0,01";"Frio (PF)";"Captação (leads)";"CBMERJ"
"2026";"01 - PageView HOME - SITE";"[LE-GH] ULT.CBMERJ.26 - CAPTAÇÃO - LIVE [JAN.26]";"277,45";"Quente (PQ)";"Captação (leads)";"CBMERJ"
"2026";"04 - LEADS ACTIVE - BLACKTM.25";"[LE-GH] ULT.CBMERJ.26 - CAPTAÇÃO - LIVE [JAN.26]";"40,49";"Quente (PQ)";"Captação (leads)";"CBMERJ"
"2026";"01 - [Site] PageView - Geral | 180D";"[LE-GH] MAT.BAS.26 - VENDA - CARRINHO ABERTO [JAN.26]";"436,09";"Quente (PQ)";"Vendas / perpétuo";"Matemática Básica"
"2026";"04 - LEADS ACTIVE - MAT.BAS.26";"[LE-GH] MAT.BAS.26 - VENDA - CARRINHO ABERTO [JAN.26]";"98,96";"Quente (PQ)";"Vendas / perpétuo";"Matemática Básica"
"2026";"02 - Envolvimento IG | 07D - APMBB e CBMERJ";"[GH] MAT.BAS.26 - CAPTAÇÃO - LEADS - CBO - PQ [JAN.25]";"35,51";"Quente (PQ)";"Captação (leads)";"Matemática Básica"
"2026";"06 - LL (BR, 1%) - LEADS - OP.BB.26";"[GH] MAT.BAS.26 - CAPTAÇÃO - LEADS - CBO - PF [JAN.25]";"108,44";"Frio (PF)";"Captação (leads)";"Matemática Básica"
"2026";"01 - LL (BR, 1%) [Site] PageView - Full CBMERJ | 180D";"[GH] MAT.BAS.26 - APMBB - CBMERJ - CAPTAÇÃO - LEADS - CBO - PF [JAN.25]";"11,53";"Frio (PF)";"Captação (leads)";"Barro Branco"
"2026";"01 - Dia 01/01 - Faltam 4 Dias";"[GH] MAT.BAS.26 - LEMBRETE LIVE - TRÁFEGO - PQ [JAN.25]";"148,75";"Quente (PQ)";"Outros";"Matemática Básica"
"2026";"03 - Dia 03/01 - Faltam 2 dias";"[GH] MAT.BAS.26 - LEMBRETE LIVE - TRÁFEGO - PQ [JAN.25]";"149,44";"Quente (PQ)";"Outros";"Matemática Básica"
"2026";"04 - Dia 04/01 - É amanhã";"[GH] MAT.BAS.26 - LEMBRETE LIVE - TRÁFEGO - PQ [JAN.25]";"196,38";"Quente (PQ)";"Outros";"Matemática Básica"
"2026";"02 - Dia 02/01 - Faltam 3 dias";"[GH] MAT.BAS.26 - LEMBRETE LIVE - TRÁFEGO - PQ [JAN.25]";"148,02";"Quente (PQ)";"Outros";"Matemática Básica"
"2026";"06 - Dia 06/01 [AULA 02]";"[GH] MAT.BAS.26 - LEMBRETE LIVE - TRÁFEGO - PQ [JAN.25]";"149,75";"Quente (PQ)";"Outros";"Matemática Básica"
"2026";"07 - Dia 07/01 [AULA 03]";"[GH] MAT.BAS.26 - LEMBRETE LIVE - TRÁFEGO - PQ [JAN.25]";"147,15";"Quente (PQ)";"Outros";"Matemática Básica"
"2026";"05 - Dia 05/01 - É hoje [AULA 01]";"[GH] MAT.BAS.26 - LEMBRETE LIVE - TRÁFEGO - PQ [JAN.25]";"256,43";"Quente (PQ)";"Outros";"Matemática Básica"
"2026";"08 - Dia 08/01 [AULA 04]";"[GH] MAT.BAS.26 - LEMBRETE LIVE - TRÁFEGO - PQ [JAN.25]";"146,18";"Quente (PQ)";"Outros";"Matemática Básica"
"2026";"05 - Envolvimento IG | 60, 90, 120, 180D";"[GH] MAT.BAS.26 - CAPTAÇÃO - LEADS - CBO - PQ [JAN.25]";"304,11";"Quente (PQ)";"Captação (leads)";"Matemática Básica"
"2026";"05 -  Advantage+ ativado";"[GH] MAT.BAS.26 - CAPTAÇÃO - LEADS - CBO - PF [JAN.25]";"1013,3";"Frio (PF)";"Captação (leads)";"Matemática Básica"
"2026";"02 - LL (BR, 1%) - LEADS ACTIVE - BLACKTM.25";"[GH] MAT.BAS.26 - CAPTAÇÃO - LEADS - CBO - PF [JAN.25]";"66,88";"Frio (PF)";"Captação (leads)";"Matemática Básica"
"2026";"01 - LL(BR, 1%) - [SITE] PAGE VIEW - HOME - 180D";"[GH] MAT.BAS.26 - CAPTAÇÃO - LEADS - CBO - PF [JAN.25]";"1017,65";"Frio (PF)";"Captação (leads)";"Matemática Básica"
"2026";"00 - LL (BR, 1%) ALUNOS ACTIVE - DMB.26 [JAN.26]";"[GH] MAT.BAS.26 - CAPTAÇÃO - LEADS - CBO - PF [JAN.25]";"10,66";"Frio (PF)";"Captação (leads)";"Matemática Básica"
"2026";"04 - PF - INTERESSE";"[GH] MAT.BAS.26 - CAPTAÇÃO - LEADS - CBO - PF [JAN.25]";"56,13";"Frio (PF)";"Captação (leads)";"Matemática Básica"
"2026";"00 - LEADS ACTIVE - BLACKTM.25";"[GH] MAT.BAS.26 - CAPTAÇÃO - LEADS - CBO - PQ [JAN.25]";"0,13";"Quente (PQ)";"Captação (leads)";"Matemática Básica"
"2026";"02 - Envolvimento IG | 07D";"[GH] MAT.BAS.26 - CAPTAÇÃO - LEADS - CBO - PQ [JAN.25]";"12,55";"Quente (PQ)";"Captação (leads)";"Matemática Básica"
"2026";"04 - Envolvimento IG | 30";"[GH] MAT.BAS.26 - CAPTAÇÃO - LEADS - CBO - PQ [JAN.25]";"155,71";"Quente (PQ)";"Captação (leads)";"Matemática Básica"
"2026";"01 - [Site] PageView - Geral | 180D";"[GH] MAT.BAS.26 - CAPTAÇÃO - LEADS - CBO - PQ [JAN.25]";"0,58";"Quente (PQ)";"Captação (leads)";"Matemática Básica"
"2026";"03 - Envolvimento IG | 14D";"[GH] MAT.BAS.26 - CAPTAÇÃO - LEADS - CBO - PQ [JAN.25]";"8,29";"Quente (PQ)";"Captação (leads)";"Matemática Básica"
"2026";"01 - Dia 22/09";"[GH] OP.ESPCEX.27 - AQUECIMENTO - LIVE - CBO - PQ [SET.26]";"6,86";"Quente (PQ)";"Outros";"EsPCEx"
"2026";"01 - Dia 12/09";"[GH] ULT.Sd.PM.SP.26 - AQUECIMENTO - LIVE - CBO - PQ [SET.26]";"143,18";"Quente (PQ)";"Outros";"PM-SP"
"2026";"02 - Dia 13/09 - É amanhã";"[GH] ULT.Sd.PM.SP.26 - AQUECIMENTO - LIVE - CBO - PQ [SET.26]";"180";"Quente (PQ)";"Outros";"PM-SP"
"2026";"03 - Dia 14/09 - É Hoje";"[GH] ULT.Sd.PM.SP.26 - AQUECIMENTO - LIVE - CBO - PQ [SET.26]";"179,99";"Quente (PQ)";"Outros";"PM-SP"
"2026";"01 - Dia 19/08 - É amanhã";"[GH] P.TRIPLICE.26 - AQUECIMENTO - LIVE - CBO - PQ [AGO.26]";"37,57";"Quente (PQ)";"Outros";"Tríplice (AFA/EFOMM/EN)"
"2026";"04 - Dia 17/08 - É hoje";"[GH] MEGA.ESPCEX.26 - AQUECIMENTO - LIVE - CBO - PQ [AGO.26]";"174,33";"Quente (PQ)";"Outros";"EsPCEx"
"2026";"03 - Dia 16/08 - É amanhã";"[GH] MEGA.ESPCEX.26 - AQUECIMENTO - LIVE - CBO - PQ [AGO.26]";"129,33";"Quente (PQ)";"Outros";"EsPCEx"
"2026";"02 - Dia 15/08";"[GH] MEGA.ESPCEX.26 - AQUECIMENTO - LIVE - CBO - PQ [AGO.26]";"118,85";"Quente (PQ)";"Outros";"EsPCEx"
"2026";"01 - Dia 14/08";"[GH] MEGA.ESPCEX.26 - AQUECIMENTO - LIVE - CBO - PQ [AGO.26]";"3,53";"Quente (PQ)";"Outros";"EsPCEx"
"2026";"01 - Dia 04/08";"[GH] OP.ESA.27- AQUECIMENTO - LIVE - CBO - PQ [JUL.26]";"127,92";"Quente (PQ)";"Outros";"ESA"
"2026";"01 - Dia 03/08 - É hoje";"[GH] OP.ESA.27- AQUECIMENTO - LIVE - CBO - PQ [JUL.26]";"132,73";"Quente (PQ)";"Outros";"ESA"
"2026";"01 - Dia 02/08 - É amanhã";"[GH] OP.ESA.27- AQUECIMENTO - LIVE - CBO - PQ [JUL.26]";"97,5";"Quente (PQ)";"Outros";"ESA"
"2026";"01 - Dia 01/08 - Faltam 2 dias";"[GH] OP.ESA.27- AQUECIMENTO - LIVE - CBO - PQ [JUL.26]";"75,05";"Quente (PQ)";"Outros";"ESA"
"2026";"04 - [Site] PageView - Geral | 180D";"[LE-GH] JCM.26 - VENDA - CARRINHO ABERTO [MAI.26]";"174,99";"Quente (PQ)";"Vendas / perpétuo";"Outros / matérias"
"2026";"03 - LL (BR, 1% to 2%) - Site - PageView - Full EsPCEx - 180D";"[LE-GH] PP - DMB - CONVERSÃO - CBO - PF [ABR.26]";"97,29";"Frio (PF)";"Vendas / perpétuo";"Outros / matérias"
"2026";"02 - LL (BR, 1%) - Site - Purchase - Full EsPCEx - 180D";"[LE-GH] PP - DMB - CONVERSÃO - CBO - PF [ABR.26]";"143,97";"Frio (PF)";"Vendas / perpétuo";"Outros / matérias"
"2026";"01 - LL (BR, 1% to 2%) - Site - Purchase - Geral - 180D";"[LE-GH] PP - DMB - CONVERSÃO - CBO - PF [ABR.26]";"43,69";"Frio (PF)";"Vendas / perpétuo";"Outros / matérias"
"2026";"01 - Dia 17/03 - Faltam 2 dias";"[GH] P.CBMERJ.26 - LEMBRETE LIVE - TRÁFEGO - PQ [MAR.26]";"83,87";"Quente (PQ)";"Outros";"CBMERJ"
"2026";"00 - Dia 16/03 - Faltam 3 dias";"[GH] P.CBMERJ.26 - LEMBRETE LIVE - TRÁFEGO - PQ [MAR.26]";"59,46";"Quente (PQ)";"Outros";"CBMERJ"
"2026";"00 - INTERESSES - PP - ESPCEX - FEV.26";"[LE-GH]  PP - ESPCEX - DESCOBERTA - CBO - [FEV.26]";"240,1";"Frio (PF)";"Vendas / perpétuo";"EsPCEx"
"2026";"01 - Público Advantage - PP - ESPCEX - FEV.26";"[LE-GH]  PP - ESPCEX - DESCOBERTA - CBO - [FEV.26]";"3217,93";"Frio (PF)";"Vendas / perpétuo";"EsPCEx"
"2026";"05 - Assistir 25% - Etapa de Relacionamento";"[LE-GH] PP - BB - CONVERSÃO - CBO - PQ [FEV.26]";"0,16";"Quente (PQ)";"Vendas / perpétuo";"Barro Branco"
"2026";"01 -  Faltam 2 dias";"[LE-GH]  ULT.CBMERJ.26 - LEMBRETE - LIVE [JAN.26]";"71,95";"Sem classificação";"Outros";"CBMERJ"
"2026";"02 -  É amanhã";"[LE-GH]  ULT.CBMERJ.26 - LEMBRETE - LIVE [JAN.26]";"158,6";"Sem classificação";"Outros";"CBMERJ"
"2026";"05 - Dia 27/09";"[GH] OP.ESPCEX.27 - AQUECIMENTO - LIVE - CBO - PQ [SET.26]";"100";"Quente (PQ)";"Outros";"EsPCEx"
"2026";"04 - Dia 26/09";"[GH] OP.ESPCEX.27 - AQUECIMENTO - LIVE - CBO - PQ [SET.26]";"49,57";"Quente (PQ)";"Outros";"EsPCEx"
"2026";"02 - Dia 23/09";"[GH] OP.ESPCEX.27 - AQUECIMENTO - LIVE - CBO - PQ [SET.26]";"35,55";"Quente (PQ)";"Outros";"EsPCEx"
"2026";"03 - Dia 24/09";"[GH] OP.ESPCEX.27 - AQUECIMENTO - LIVE - CBO - PQ [SET.26]";"50";"Quente (PQ)";"Outros";"EsPCEx"
"2026";"04 - Dia 25/09";"[GH] OP.ESPCEX.27 - AQUECIMENTO - LIVE - CBO - PQ [SET.26]";"50";"Quente (PQ)";"Outros";"EsPCEx"
